id;target
0;3.496449426745824e-05
1;0.06925135239663698
2;0.015108078467764987
3;0.005042178639439376
4;1.112362777224009e-05
5;3.55054149767096e-05
6;0.009378318783250215
7;0.00018647094684716482
8;0.0025390027521592644
9;8.265368503952899e-05
10;1.712187998271661e-05
11;0.002547630022516296
12;6.14235632136168e-06
13;0.005064892017348323
14;0.0027161040725894032
15;0.005883437440870068
16;0.005089049974634214
17;0.04252256240341926
18;0.020009389460657147
19;0.0075207824181341
20;9.650268626849725e-06
21;0.030773363386870017
22;9.700922509134824e-06
23;0.023153143227522238
24;7.191433026717814e-05
25;1.9697217171967805e-05
26;4.765125270855285e-05
27;0.058185914504918196
28;0.01278587350212157
29;0.025341933657034462
30;0.015023380029652693
31;0.007519877475239423
32;4.508729544676227e-05
33;0.04899009244257923
34;0.00028318760758023413
35;0.005106851195843736
36;0.007588571779399019
37;2.8556969821620043e-06
38;0.00013961331427593147
39;0.06402837100553144
40;6.310388281406558e-05
41;0.00011014135673252323
42;1.3812915553137486e-05
43;0.025445186857781917
44;0.030214549380403282
45;0.16890999998942074
46;1.5801715687691273e-05
47;0.007551939406215844
48;0.010151732252379149
49;0.010453682783570091
50;2.4770256729625177e-05
51;2.3188089770494595e-06
52;0.0032190675082592575
53;0.002503193248284919
54;0.1376949224035846
55;6.0679874480982066e-05
56;0.00010169994289756023
57;0.002565872714036143
58;0.006003911925508879
59;0.009035908964258592
60;0.0025926583479534693
61;0.06760134151388994
62;0.0013582648068414004
63;2.6041115726626277e-05
64;0.048197883935095505
65;0.030139721355572798
66;0.002506115383803499
67;0.01514376956195762
68;0.007549903910798958
69;8.251397148944029e-05
70;0.010385768703211031
71;0.0009388208873296588
72;0.0025087700809112903
73;4.260874779494465e-05
74;0.0025057321193755326
75;5.687908019669446e-06
76;0.0025130576322934515
77;8.905086075849139e-05
78;0.012491066388974102
79;0.03259873478399419
80;0.022981489724695603
81;5.619756673564058e-06
82;0.00509527637499115
83;0.010574838182196643
84;0.00011384359639176193
85;0.027639209809698133
86;0.003528735528509405
87;5.2419134989726896e-05
88;0.0827853682004582
89;0.008917307195497607
90;2.2449135057593762e-05
91;0.0025055073613458874
92;0.012551736388335006
93;1.6629884539443403e-05
94;0.0456255855748733
95;2.1849821804236665e-05
96;0.005300838929694021
97;0.02896291703006342
98;5.4803410703447864e-05
99;7.69703796742104e-05
100;0.09408200069789482
101;3.031324108866084e-05
102;6.682569436874139e-06
103;9.906094856100596e-06
104;0.00260909842674116
105;0.0051290777286962606
106;3.983308070504202e-05
107;1.532234399077065e-06
108;2.546147827074764e-05
109;0.025086795694819967
110;1.2151165827591113e-05
111;0.005091585159414227
112;4.623717890132572e-05
113;3.064769376645674e-06
114;5.7376474329221275e-06
115;0.012526035692839449
116;0.05225825072611305
117;6.392104742806477e-05
118;2.8127000997389197e-05
119;2.624757070126804e-05
120;0.012636705234375782
121;4.0464021601345696e-05
122;7.802323526059867e-06
123;0.00014953568572752184
124;0.0027193374246938648
125;0.05069882021725496
126;0.025058271654186753
127;0.00038127357680339737
128;0.02533097963619673
129;0.0052164440154067624
130;0.0025283088740211492
131;0.0001336771374872473
132;0.027836117428010614
133;0.00011807754620986238
134;0.007537769661379389
135;0.00013050216392158546
136;7.916275150119982e-05
137;2.4801832089598828e-05
138;0.08673160511533244
139;1.5906386461956142e-05
140;0.010481979488121922
141;0.0353822062004029
142;0.005307831573059792
143;0.002557411187636694
144;0.002599683671756034
145;0.0002665959689779705
146;0.0007708759498068975
147;1.263777588533201e-05
148;0.027682478802871537
149;1.412968705878312e-05
150;0.00014118402239651813
151;0.1203246930611455
152;5.660276032997156e-06
153;0.0025261798020795897
154;0.00034944846326923936
155;0.025099450603963094
156;0.003938160932003187
157;0.080363414195197
158;4.169420509796098e-05
159;0.1669114214255957
160;0.0026490158441453584
161;0.016489831623130235
162;4.266812395823675e-06
163;0.0002784706112140034
164;0.0004923000930564089
165;0.03294000604382984
166;0.00014254595092413926
167;7.703298658637938e-06
168;5.103596567135612e-05
169;0.0026797170197524595
170;0.0029598511203827393
171;0.0060626710066191206
172;2.003782123143365e-05
173;7.357510767697801e-05
174;0.007682323520689681
175;0.013195312596784813
176;0.0558283159202983
177;3.987722452877418e-05
178;0.002506286294398869
179;0.002714069439267024
180;0.0026441075855969617
181;3.598844646071495e-06
182;0.03270421232068108
183;7.195221315669873e-05
184;0.01414858156294585
185;0.005023978460505864
186;0.08279106342395383
187;0.000731174023488068
188;0.025890621999485993
189;0.053645502280971674
190;0.046835359102506025
191;0.00392251824446172
192;2.4672175276802683e-06
193;0.00010594268510673133
194;2.9083274091217048e-05
195;0.007893208511036764
196;0.0031516901570200822
197;0.0003484235591575614
198;2.6130219627132597e-05
199;5.975281069315792e-06
200;6.036219737487907e-05
201;4.602495539209854e-05
202;0.028229453597789413
203;0.010531459679319892
204;0.005212798953425817
205;6.516084428895974e-05
206;0.0003808748316419185
207;0.04516100938096012
208;0.04139913076593745
209;0.016093022686456668
210;0.0032868287986712453
211;2.442459422483036e-05
212;9.939450394355353e-05
213;0.00010828535046589088
214;4.052483056230792e-05
215;0.0001677514745366463
216;0.006101731419941581
217;0.06254733722545054
218;0.002520563807874484
219;0.0008432733435764247
220;0.007618476678710913
221;0.0054858741689735365
222;0.0006796781287094898
223;5.803838096145414e-05
224;0.0034817297362036456
225;0.0025436344049421227
226;3.813525929847093e-06
227;0.056920957615806615
228;0.010066076780502245
229;0.005792938468311926
230;0.003293102840801194
231;4.036388176847539e-05
232;0.00011510664890687468
233;0.013855897309058179
234;0.000103740960054303
235;0.005043162647075559
236;6.952116548277304e-06
237;0.0026409093362652577
238;0.005052901184864298
239;3.5046176526878297e-06
240;5.1025308049121646e-05
241;6.312617998870357e-06
242;1.1242504612838394e-05
243;0.005176297221052323
244;0.005172591959576507
245;8.156831573102779e-05
246;0.007549793981048066
247;0.0008989157297184003
248;0.05272311059725358
249;0.0025104990625960766
250;0.011642176340420064
251;0.001601262029880118
252;3.1826759006502e-05
253;0.0004218186720377333
254;1.2776906893165678e-05
255;0.0003858751868668267
256;0.00025698061248958165
257;0.006290106867873723
258;0.005425870914850298
259;0.002616528482753382
260;0.0007674461721945836
261;0.0006029824848814371
262;2.679884636275681e-05
263;2.723824252802736e-05
264;0.0027161291685548422
265;0.005865322799300183
266;0.012977001701272464
267;0.017688728714324364
268;0.0035201402512896993
269;0.017663315500900396
270;5.197390078850508e-05
271;0.00011424190001069526
272;0.00021140342221433517
273;0.002883447267535468
274;0.002759714629314114
275;0.030347332894366717
276;7.838020671213926e-05
277;9.56625803704817e-05
278;0.00019415739413536365
279;0.00677433122277111
280;0.00512428254236416
281;0.0002660898218181202
282;0.0005305342022194834
283;0.002548128890348351
284;0.0026860403013379427
285;4.307779719544264e-05
286;0.00015822541496506894
287;0.0025864349590478553
288;0.05267866437156943
289;5.5771462807381386e-05
290;3.0804924002462467e-05
291;2.0293718991642933e-05
292;0.002793764961976074
293;0.005297794658965474
294;0.02506085374464968
295;0.0006870197577876223
296;0.00012365674468735164
297;0.0003808994904891794
298;0.0003337978929804662
299;0.005175294453687092
300;1.7715154787462794e-05
301;0.07255561751640832
302;0.017960674111048687
303;3.212960365051342e-05
304;7.325756789335533e-05
305;0.007536186142366344
306;0.005038218435093151
307;0.005514346889543524
308;6.763193071834396e-05
309;0.02051918024295643
310;0.08505772792877826
311;2.983546943382916e-05
312;1.0373247246446951e-05
313;0.030169709235447702
314;4.868209722546873e-05
315;0.010183773675078715
316;0.0002145124133224993
317;0.000477884664896136
318;4.933710579367753e-05
319;0.002611445881029627
320;3.807571334976638e-05
321;0.0001829671868665179
322;0.03760056439431575
323;6.957798380583232e-06
324;0.1806721888050563
325;0.050289292566978824
326;3.629295152247513e-05
327;7.206833030545659e-05
328;0.012665770052739092
329;8.421760866379176e-05
330;0.0031499759347864745
331;2.2060906458629646e-05
332;0.00024698941329193207
333;0.03581361024837759
334;0.03281466515283653
335;0.004343573506043459
336;0.007856335774482625
337;2.173795774442965e-05
338;0.04093723870934649
339;1.002163605605095e-05
340;6.800571321966351e-05
341;3.7285519341278295e-05
342;9.360569795306051e-05
343;0.002923283962563412
344;0.006834691941269198
345;0.0007978972317242584
346;0.0008685067078969039
347;0.0005239372462179728
348;5.130700528215085e-05
349;0.002576788132887523
350;0.00020064672974203944
351;3.528032095798371e-05
352;0.0025141420188077145
353;3.9655801906823685e-05
354;0.0025438594865151553
355;0.00014239781952361696
356;0.00755402441981881
357;9.227709719379777e-05
358;8.593370275945009e-06
359;3.82668273392324e-05
360;0.0004081761019449467
361;0.0011665947141035371
362;0.037586564547767494
363;0.00014576311616039525
364;1.0415566474586409e-05
365;4.951036385481675e-05
366;6.265094928222678e-05
367;5.8792572935708535e-05
368;0.00026478685374226415
369;0.015022930231224375
370;0.005081193777979893
371;0.00015640003857860028
372;0.00011784391004720738
373;4.747191804551536e-06
374;6.9210542410805e-06
375;3.118047467065132e-05
376;1.5515959397587395e-05
377;0.0050653496412782165
378;8.120345412803176e-05
379;0.008000544670618065
380;0.005006696809802179
381;8.1570656345297e-05
382;4.557296927665387e-05
383;0.00014002361700854774
384;3.357390359029883e-05
385;0.0025828310317312017
386;0.003995314104185745
387;0.027544358313204217
388;0.000771950771814577
389;2.416074038853389e-05
390;5.6404570612946776e-05
391;0.0003881933497640214
392;0.012695270795250046
393;1.3391427710974522e-05
394;8.705618007343586e-05
395;2.4566565154566996e-05
396;0.00015321161096815025
397;6.322301875714863e-05
398;9.531014125233503e-06
399;0.03807361107419073
400;2.1621636412283134e-05
401;0.0027377949677295133
402;0.00011193504200843839
403;0.0027381975394415053
404;0.00017139228551865977
405;0.005409138556662424
406;0.1562044670203708
407;0.00015228772589460427
408;0.0001520545060514333
409;0.000563858841794769
410;2.0852943633474866e-05
411;0.00011122725554946569
412;0.05919297624608211
413;0.0026960512269932355
414;1.474659605814042e-05
415;6.844024965365733e-05
416;8.838217470496517e-06
417;0.008807049395103645
418;0.0252013554130793
419;0.027609440675635716
420;0.00013248783075004109
421;0.010173962228553365
422;0.0075267656045767154
423;0.0026789163593207064
424;0.06392765864137734
425;0.0030903667361386164
426;0.0026494474993773824
427;0.11760434864587502
428;8.323224976305946e-06
429;1.3312163836698628e-05
430;2.5958438632112844e-05
431;0.04505276931359718
432;0.17698571747782385
433;0.007672351729553565
434;0.033542954633566484
435;0.0051645903656693465
436;0.046914607155620465
437;1.2901078601139036e-05
438;0.0011813668133824047
439;0.002569180564898487
440;0.007606485038376578
441;0.005109637443848769
442;0.00037846634490922026
443;0.00016173623876247035
444;0.00022975567599062822
445;1.0744374953472534e-05
446;0.0002866279821697114
447;0.03538432825989047
448;0.0027395671063131575
449;2.8679348438677096e-05
450;0.005301801022900797
451;0.00038127070974722487
452;8.390099279066307e-06
453;1.9916119635034654e-05
454;4.806873403765557e-05
455;0.010522728184640536
456;0.05015578716293661
457;7.19140861741359e-05
458;0.005059805228817382
459;0.005078841525446758
460;0.005020183686268261
461;4.058541347686149e-05
462;0.00266440981862037
463;7.173371379137171e-05
464;9.359523677556938e-05
465;0.002644928687284858
466;0.0006228968845397802
467;3.216383598491619e-05
468;6.91166974198401e-06
469;0.0025344902383969423
470;0.010804518236544153
471;0.02789349645697052
472;3.5208238662961013e-06
473;0.007829753123226875
474;0.21864342203370568
475;0.005439525958736803
476;4.364680061789898e-06
477;0.007632578851425929
478;0.00021259357250131208
479;0.003210523380194187
480;0.005311031195208803
481;0.00013920158619543297
482;0.00018009776276371056
483;0.007883700279096848
484;7.227605936135756e-06
485;0.0001861196204399772
486;6.468679423466833e-05
487;1.5680497829146788e-05
488;0.00020211995246497447
489;0.0032271835389072094
490;5.141107253173706e-06
491;5.51243677277191e-06
492;7.113907757132402e-05
493;2.7685923629346623e-05
494;5.534322355464595e-06
495;0.003053467813660313
496;0.001145584548328905
497;6.143112845609533e-06
498;2.8425410977761235e-05
499;0.04507669511044778
500;0.002632598657803325
501;0.0350252729746201
502;0.03939190053683331
503;0.06507728418037326
504;4.411591182021166e-06
505;6.272077289018785e-05
506;0.08728612542224386
507;0.03258815658035617
508;0.021285027423628863
509;2.2341378961650084e-05
510;8.181431895168695e-06
511;0.040182133071902694
512;0.005096323995678643
513;7.369098491333862e-05
514;0.0004682792360866887
515;0.001181905727870207
516;0.0051289259061890234
517;0.00509920946055477
518;0.027519859328989465
519;0.005026710433865206
520;3.429656579556746e-05
521;3.36096537594752e-05
522;3.3603656471722085e-05
523;2.0886745446137943e-05
524;6.159402860030002e-05
525;4.7694302568494776e-06
526;0.018559598225707175
527;0.00033414337709817497
528;1.4957634818432279e-05
529;0.00012961118434824304
530;0.0030556466677595664
531;0.0076420630183751245
532;0.00012976957077233284
533;0.05465267447636843
534;4.108662903080065e-06
535;1.696259521027524e-05
536;4.23063855414816e-05
537;0.00020749815135105406
538;1.8945268757826797e-05
539;8.989903310323666e-06
540;0.05270263529540928
541;5.877419417025809e-05
542;0.007583861906344273
543;5.661733135577043e-05
544;0.0025155421104122084
545;0.00042106916955699777
546;2.7523598397378063e-05
547;0.00011604833920211796
548;7.423617313938459e-06
549;1.613760605222751e-05
550;0.002555163438324079
551;0.005257072099781155
552;0.03272608047375626
553;0.02194607188600687
554;0.03012911950909123
555;0.005105593651110568
556;0.0036192414348427794
557;1.4646854560116914e-05
558;0.0006302974235997995
559;0.0026983991564584315
560;0.005012158543688485
561;0.0029303137806996633
562;0.027537651059874033
563;0.08007692912027808
564;3.498675773038211e-06
565;9.918619161626635e-05
566;0.0025833454930946236
567;0.050301886693012735
568;2.5879935587879587e-05
569;2.975137615635207e-05
570;0.00010918171668513323
571;0.00013816801238459466
572;0.004887226944380674
573;0.04255887535369309
574;4.568047534367965e-05
575;0.020597448223859515
576;0.02900404946787893
577;5.080732623862004e-06
578;0.05566845365741517
579;0.002576587444795878
580;2.4941709634009186e-05
581;5.0398226788230435e-05
582;2.4806415879133434e-05
583;3.9352171421682715e-05
584;9.721524545839648e-06
585;4.870930945458783e-05
586;0.03384708401554263
587;4.969046960804941e-05
588;0.013139581679956365
589;9.463789725089164e-05
590;0.0011217072848188321
591;7.450795977940386e-05
592;0.002975499033404486
593;3.6347940581342413e-06
594;0.0222052959109038
595;4.3017771326340694e-05
596;0.0028246369083239084
597;0.0006596095637687469
598;0.005968253530148423
599;0.00046203048084239313
600;0.008020972604223863
601;0.005107890842227833
602;0.025224125123601216
603;7.311284801422739e-05
604;0.015016258874574884
605;0.0002633502556171481
606;8.083106673004213e-05
607;0.10017828780186953
608;0.005212642430405116
609;5.5457528481190336e-05
610;0.086688798444033
611;3.781821766857833e-05
612;0.005352740000540702
613;2.896225624685178e-05
614;8.746837742254871e-05
615;0.0003611639210748757
616;0.025319672750829282
617;0.00118410384464635
618;0.0029095300544884177
619;0.0002601280348796884
620;0.0029506502382554305
621;0.006350476281457669
622;4.7586334016209075e-05
623;0.00026364667009442524
624;0.028052147314456318
625;1.1585560420208736e-05
626;0.011379373058171823
627;0.00023952325132027186
628;0.11110925869949882
629;4.3085872820810146e-05
630;0.007716733690587032
631;0.0025322413536223824
632;0.00017235120412373715
633;0.0001859307847881625
634;0.0626765652185162
635;0.005019525322800911
636;0.0025221948955408495
637;0.000232079202574059
638;0.042699616998990504
639;0.00020062652893668048
640;0.006018583300102758
641;0.010151304724973702
642;0.08007398111059556
643;0.008949868594999457
644;0.015385447621889342
645;0.0008158223403069644
646;2.119282441541223e-05
647;7.500293050814643e-06
648;0.002973285759916827
649;0.012806896791518144
650;0.002505785873410737
651;0.05267477711156533
652;0.002763170975509422
653;0.03023495941787151
654;0.002526605635968371
655;0.00027557775690163137
656;0.0027013992262136387
657;0.030232630161905395
658;5.506915612356828e-05
659;0.003241828303329957
660;0.03507489850313628
661;0.0051817703059219905
662;2.3289888598933947e-05
663;0.0027788790774054745
664;7.483818069377737e-05
665;0.005939104999656698
666;0.03024310718571831
667;0.0027595205564642264
668;0.00020781452817695176
669;0.0055105198520665685
670;6.583301435764577e-05
671;3.8993421459480316e-05
672;1.3172453203034044e-05
673;0.00023680662762408914
674;0.005208271493957109
675;9.74635299720625e-05
676;2.2539551558599194e-05
677;0.0028044932000941217
678;0.00010738865168822116
679;0.00010420425088722462
680;0.007547324977516145
681;0.02049272271432236
682;0.025124661715519598
683;0.006925423890339752
684;0.03012354751090477
685;4.030226388163923e-05
686;0.00031346617787522164
687;8.15666594943861e-05
688;8.615057876048097e-05
689;0.00033542480150932714
690;2.4744485817359644e-05
691;7.449740017873035e-05
692;0.00015481103860208995
693;1.4068051173384123e-05
694;5.078896360370738e-06
695;0.00010116303018827813
696;0.18061556089495753
697;0.002551364448688895
698;0.0005235122598997126
699;6.217670300683339e-05
700;0.0001481833649186018
701;0.0026223361648302504
702;0.0005180606494407593
703;0.10284240737172344
704;0.0027894983382413014
705;0.00018225606731067453
706;0.00014114808166051284
707;0.2059477426896316
708;0.003876616786593495
709;0.009062900994301303
710;0.013306497353354157
711;4.683184010631324e-06
712;0.01138169376636376
713;2.2689974840686343e-05
714;1.6690266459817694e-06
715;3.134545313609066e-05
716;6.04441235761318e-06
717;0.005074616773170717
718;0.00272208663215544
719;6.110850739632921e-06
720;0.007590301775416739
721;0.11189266250962542
722;0.010247187823839196
723;0.002602747291081326
724;0.000110441913930574
725;0.0027089051420423737
726;0.005589849383085658
727;0.0029086251336349405
728;0.0002198469506373458
729;4.890218709316099e-05
730;0.04930012869640642
731;4.263257029616229e-05
732;1.1433651171957668e-05
733;0.0075646331122517195
734;0.0453858072829995
735;0.0003918353959209841
736;0.026040034931489292
737;0.04630015891694383
738;0.0003949800110221756
739;0.002566990083901114
740;0.057531181400245414
741;0.000435279740762463
742;0.005156660580572072
743;0.05405732358510722
744;0.00047897635668619684
745;0.00255080303616085
746;3.974314710850242e-05
747;0.0002382462589480928
748;0.0015946696799886187
749;1.0579393041286493e-05
750;0.013990450031519058
751;0.00010308195240180057
752;0.0660301053354086
753;0.0002513857051729745
754;0.007043259465210583
755;0.0004543659360781865
756;0.0050387538862167
757;0.005133214984090285
758;3.3091825458867545e-05
759;0.040013444871260066
760;0.00018499904206009568
761;0.002847961424044767
762;0.00326394712372085
763;0.005033456013157034
764;0.0018183571967850213
765;0.0001924768801638201
766;0.005195183464005238
767;0.0002963698113848634
768;0.06842440510236165
769;8.078527187457393e-05
770;0.02503883715177116
771;0.01980577908672195
772;0.0025409375067685135
773;0.00253505709197798
774;4.162412384015088e-05
775;7.588769753615336e-05
776;0.027905674456582957
777;0.022530513835050718
778;0.005523832055762857
779;0.00757969314171186
780;0.03574064138372533
781;8.572948960386596e-06
782;2.977973500457843e-05
783;0.00012365299622070844
784;0.010153576647564383
785;0.005061388737419406
786;0.0001394692092610929
787;1.834063543084633e-05
788;2.9268260053761553e-05
789;0.010134394393482328
790;7.811728333813611e-06
791;0.002522586206455256
792;0.00023162877332355718
793;2.29355736077957e-05
794;0.04571761842842781
795;0.004596131344270331
796;5.209808561911373e-05
797;0.048257150865159644
798;7.246869632089033e-06
799;0.0008359329675560061
800;8.452999760684944e-05
801;0.005100719060356404
802;0.005145093935106143
803;0.007831709046236736
804;0.030224486302499343
805;0.002552286733865058
806;0.0018004149915057097
807;0.0025418332383909175
808;3.853852049873987e-06
809;0.002574020730319032
810;0.00015031469190286445
811;0.5524071851809209
812;0.014118057623736956
813;9.221899904100043e-06
814;7.069416887425187e-05
815;1.3119193582662217e-05
816;5.006510395530923e-06
817;0.0002316679467338811
818;0.06595555110956157
819;2.9766116257127378e-05
820;0.005061125579418357
821;0.00012350123227302683
822;0.00013835364977697997
823;0.07272607943823418
824;0.007610427563868314
825;0.5376289934367369
826;3.357383331056505e-05
827;0.01022620648930488
828;0.027630351071396275
829;0.025043690225605916
830;2.752056387325808e-05
831;0.0006428603269600761
832;0.005059693855961515
833;0.0026014800149735946
834;0.027768970435654336
835;0.007987381851927974
836;0.00013690000970187078
837;0.09505799943492955
838;1.7614187658000783e-05
839;5.094799970628364e-05
840;0.02261711939480042
841;0.015239280634435755
842;1.8853209514607163e-06
843;0.010507634654708217
844;0.01392280662687773
845;0.0028564267835544475
846;0.022157953163860454
847;0.0028479713469292426
848;0.010038498452497477
849;0.7749463472483507
850;0.0025570679019074807
851;1.9840969785071647e-05
852;9.135551568463807e-05
853;0.0025731155088078977
854;0.0025715232028906826
855;0.0005368892752127468
856;2.280818327426314e-05
857;2.450789488266541e-05
858;0.010142648148883944
859;0.02028768918440131
860;3.5998816610652685e-05
861;0.0028254484388112737
862;0.029349265926072378
863;0.0030193907660007405
864;0.044224233495714256
865;0.11157441652463458
866;5.749104336007494e-05
867;0.0026043797091972474
868;0.0025725152430476363
869;0.00023736669479041458
870;0.09335764479383202
871;0.0003744005497321573
872;0.02342468750196796
873;2.1916740185394793e-05
874;0.012538880456755604
875;0.00014941996097303715
876;0.007681661915218732
877;2.757976601275668e-05
878;0.026559452215269175
879;0.00017926922115209002
880;6.828766098616872e-05
881;0.00016262749950759193
882;1.288935987637297e-05
883;0.009546659356920572
884;6.226854780724268e-05
885;0.00024017457721066965
886;1.0506318464017278e-05
887;1.2731048723965786e-05
888;0.002550873963759395
889;1.1589501532609703e-05
890;0.000777121123552194
891;8.232418644751874e-05
892;0.0026218440327413547
893;0.00521512239412425
894;0.03284568694780969
895;0.025208479204554123
896;0.006462942853615293
897;3.111377566342332e-05
898;0.0027157399392397
899;6.830924676302278e-05
900;3.911142641150876e-05
901;4.45046492706078e-05
902;2.565233808948403e-05
903;0.00043050282607753215
904;0.002711734665852212
905;0.004662333813050416
906;0.04848375442774647
907;0.0025482578869475084
908;4.4292230472639775e-05
909;0.00025609922146579744
910;0.0004405031307632462
911;0.0025477732792492714
912;0.009420708167707455
913;8.98999527953665e-06
914;0.025773928471589987
915;0.0035059651212652615
916;0.013847346507368932
917;6.0097884118272216e-05
918;0.04001343580421625
919;0.0061995462245822055
920;0.04012392568777193
921;0.0007647245645942533
922;0.00021941436645715772
923;0.004189613569038997
924;1.5340215885715163e-05
925;0.026023661442782987
926;0.0025703708784479786
927;7.175070693280407e-05
928;0.010872720901497856
929;0.007515182521301027
930;0.00018537929900052118
931;2.5191512710188887e-05
932;0.00027374070979750535
933;8.772039312259873e-05
934;0.0003411755744193758
935;7.318652380955271e-06
936;0.0026633801627896775
937;0.0026402167021362657
938;0.0001298199149529198
939;0.002725281542770168
940;4.679932405586292e-06
941;0.0007031298525182441
942;0.009405453816442833
943;0.0002527698355752894
944;0.0027091266752785007
945;0.0002884801072597671
946;0.012863709650426436
947;0.027951510801516796
948;0.002652261768965238
949;0.5540382887891224
950;3.5798669156204594e-05
951;0.002532789344535728
952;0.00013308143641575817
953;0.0101999118103329
954;0.3684413379469227
955;0.0027978196602763
956;0.002524280912428373
957;0.005112920059921623
958;0.01032037026341608
959;1.7352712711428604e-05
960;4.134924750525555e-05
961;0.01603264484149597
962;0.000136148003694638
963;3.319183487164815e-05
964;0.0029863058104478983
965;0.00024851574620475563
966;0.03817842166020956
967;0.04008281276801147
968;0.015154822936973471
969;0.010257173308798355
970;0.041716776864476134
971;0.00011140423260418763
972;1.1589530060810433e-05
973;8.324538459593708e-06
974;0.02509557087675058
975;4.731203062531397e-06
976;0.012669205992173175
977;1.604352919619193e-05
978;0.07085425233576415
979;0.002821401636581945
980;0.0033644427124387114
981;0.010613709981322455
982;0.028164215274461186
983;0.005756772802141362
984;0.0036459647234619724
985;0.010840335952868959
986;4.756801197870093e-05
987;0.006162092539522979
988;0.0027245110959239188
989;0.02542041229157015
990;0.00025971417884964075
991;0.0017976208724524646
992;0.00015776545840625147
993;0.005062457247204959
994;0.03530375934258926
995;0.00019190540876094856
996;5.933942584405709e-05
997;1.0104860171559164e-05
998;0.0030419551491110905
999;2.0516208854281185e-05
1000;0.005741679381193273
1001;5.294286410453273e-05
1002;1.0278043851659512e-05
1003;0.00508572994046722
1004;0.12210537411121913
1005;0.0270215281426648
1006;0.0010635244443700181
1007;2.9047236933365626e-05
1008;5.8507888831332116e-06
1009;4.4897118601182464e-06
1010;0.004235096339130495
1011;2.6804533912170575e-05
1012;3.4432186870055307e-06
1013;5.1104130875316136e-05
1014;3.834490735533534e-06
1015;0.03047132107993175
1016;0.005531008509692046
1017;0.00012035337021646642
1018;0.0005104508046892703
1019;0.006956104437505642
1020;7.226178339716154e-05
1021;0.0001148644431237497
1022;0.002540526408673816
1023;0.002560051705031368
1024;0.010114181744805344
1025;5.131824881368058e-05
1026;3.320850779208396e-05
1027;3.072043821117509e-05
1028;3.9929343909244185e-05
1029;0.00530875523053643
1030;0.0031055498017137214
1031;0.0004079640020827426
1032;0.000873557675890464
1033;0.0001550305631040952
1034;0.0026192889151899785
1035;0.010370745528703334
1036;0.02839427732372485
1037;0.002580806491000635
1038;2.7190762542113626e-05
1039;9.907786659036857e-05
1040;3.132883375174787e-05
1041;0.002715431364806841
1042;0.0032043462616891854
1043;0.00047359191719887185
1044;0.020413751107646184
1045;0.00024283099585376399
1046;1.9898847242832872e-05
1047;0.015250587559118439
1048;0.0025524619137695026
1049;0.02032917557423855
1050;3.0469041362630742e-06
1051;2.447671317427434e-06
1052;1.3916061341733183e-05
1053;0.0025592679517312295
1054;0.004563158313419713
1055;0.014663311678881375
1056;0.027601435972635195
1057;9.221496078260925e-06
1058;0.00035342402167299654
1059;0.0026912864602954404
1060;0.00042262069988979034
1061;0.00013393934694973616
1062;0.00025662075864681664
1063;0.0026436071623289407
1064;1.2405323996182655e-05
1065;0.002574640793489762
1066;3.5713748400903426e-05
1067;0.002553203165569196
1068;0.0624455217373812
1069;0.0157946729130368
1070;0.0025557533207265404
1071;0.002578835687393536
1072;7.5983058089866465e-06
1073;0.0026455557238541936
1074;0.011562328872272635
1075;0.3919903862347567
1076;0.00035149573491435236
1077;0.0001247105471367048
1078;0.052234152555828875
1079;5.9673193458534685e-06
1080;9.764339366645267e-05
1081;7.253438801481785e-05
1082;0.005077818660720093
1083;0.0050242082932836826
1084;0.00015750793160847033
1085;8.905194035514553e-05
1086;7.886826907238687e-05
1087;0.007604862593968049
1088;7.084362553217255e-05
1089;0.002650233559762362
1090;0.0025649829757812648
1091;9.440940333090697e-05
1092;0.035266976134244156
1093;0.005048253513348631
1094;1.3926690563109161e-05
1095;0.14267422152548448
1096;0.025033638913617286
1097;0.005544084817139086
1098;0.005112320488082519
1099;0.032533511952764854
1100;6.897512103914638e-05
1101;6.59355216289648e-05
1102;0.042505720461930456
1103;0.030653944846269987
1104;1.4407459087803008e-05
1105;4.874656811615693e-06
1106;5.720025819185058e-05
1107;0.0003297571385223534
1108;0.0001312144132327808
1109;0.00926906219967754
1110;8.047358893731581e-05
1111;0.007790940284992474
1112;0.0029137076879411526
1113;0.002785779334595991
1114;0.007780045842736796
1115;5.02698655957619e-06
1116;0.012647409024751515
1117;0.0028678934722906886
1118;0.005754109111210939
1119;0.03508910861664633
1120;0.0001368784003201643
1121;4.281098356363237e-05
1122;0.00015080939860890547
1123;0.00010407992262770605
1124;3.126485579187437e-05
1125;0.04857356787795489
1126;0.04105210879408508
1127;0.0027467034911447742
1128;0.026392166537298575
1129;3.522671215158832e-05
1130;0.0005756606921227188
1131;0.039483054207745026
1132;0.0025078011072693666
1133;0.0050711656819611
1134;0.005045254402394457
1135;0.0025088250957222163
1136;0.04033214123138188
1137;5.493759559457808e-05
1138;0.0032892391391268964
1139;0.0026230908076963636
1140;0.03637921488167554
1141;0.00017406302154570144
1142;0.003117183495522561
1143;0.0026073933496115285
1144;0.07284109595316474
1145;0.007566086568083225
1146;0.0464050856454879
1147;0.0028360590631516403
1148;0.0025300436598532385
1149;2.8587528864725406e-05
1150;0.0001643696049871762
1151;0.005623944749264417
1152;0.007961548902287056
1153;4.771423360866761e-05
1154;0.002550296662179298
1155;1.087355085630551e-05
1156;0.0009554905707819405
1157;0.03166897532371081
1158;0.005803162931620622
1159;0.0077363154368533795
1160;0.0004761020779873558
1161;4.111493941989531e-05
1162;0.005209130545311277
1163;0.03546643215844566
1164;0.1423822385899584
1165;0.013919822910033953
1166;0.03013493021244381
1167;6.434999029449596e-05
1168;7.426212024589117e-05
1169;5.640067217704443e-05
1170;5.647457267655601e-05
1171;0.008292358425044326
1172;0.002639749738766834
1173;4.074095695242965e-05
1174;0.007830598537268967
1175;0.06777058896763338
1176;0.0050806715020551944
1177;0.005183187878648956
1178;0.0025063714948238523
1179;2.7481887389386026e-05
1180;0.00011960141562677386
1181;0.00013110298659492584
1182;0.012754962995741954
1183;0.005096738999376093
1184;1.6472905483471038e-05
1185;0.00016982904302143505
1186;1.7362619435498474e-05
1187;0.01019468898501494
1188;0.0025205872693792567
1189;3.38636613724812e-05
1190;4.7897371167600685e-06
1191;1.898363001099649e-05
1192;0.0027736536283362186
1193;0.010209429535947934
1194;5.445866081295574e-05
1195;0.002631742334429163
1196;0.004179125428730352
1197;1.4224343707991245e-05
1198;0.0009070469854518953
1199;0.002583665613766789
1200;2.3351554581421114e-05
1201;0.025568202688936895
1202;0.005217649398328601
1203;0.002614075670409035
1204;7.515653784494952e-05
1205;0.00013115598396017068
1206;5.346286965993966e-05
1207;9.608892532999979e-05
1208;1.984222375753201e-05
1209;0.005043313872795699
1210;0.00012366386098264823
1211;0.0025330686733761962
1212;0.11477040021451597
1213;2.802934183444543e-06
1214;2.8054006124334183e-05
1215;0.07002291274118466
1216;0.0025506178580544134
1217;4.593643814403268e-05
1218;0.00019016866467259976
1219;0.006982099396265266
1220;0.03273026026671158
1221;5.994264498879259e-06
1222;0.002601352585960527
1223;0.0027430792073798137
1224;0.00033886693367403983
1225;0.00037284117943110724
1226;0.02794403953224234
1227;0.005096167863246082
1228;0.002542012921841732
1229;0.00014270767168449603
1230;0.005181690118690214
1231;0.002693748539349766
1232;0.05270346463316
1233;4.6321591018738194e-05
1234;0.030812003975036615
1235;2.4671653092788686e-05
1236;0.012754599101971048
1237;0.022859852837913513
1238;0.02557439545302578
1239;1.7754738960271256e-05
1240;0.03285810221521987
1241;0.041285061606818364
1242;1.6836246289117636e-05
1243;0.005222404766327711
1244;6.827507886658826e-05
1245;0.00011479264248456278
1246;0.019322144733801574
1247;1.6783275535118036e-05
1248;0.0004598572093940901
1249;2.3181631109390504e-05
1250;0.12874321822375223
1251;0.007660679297835943
1252;0.7210965623127796
1253;0.00013226566821517426
1254;0.0001306500063915699
1255;1.2049024498899677e-05
1256;0.020431279255859174
1257;0.0033851423156706106
1258;0.002588716800992605
1259;0.027716845410271494
1260;0.0030577474257310827
1261;0.005712701496362873
1262;0.006666223566378197
1263;0.01250878177905633
1264;0.0004093332819053417
1265;0.03337905944202795
1266;0.09616828726828447
1267;9.887231951317205e-05
1268;0.00043013066154689276
1269;0.003005131115728145
1270;8.96238277903345e-05
1271;3.234765685931661e-05
1272;0.035622604137216005
1273;0.0025418963365858313
1274;0.0001529906521762283
1275;0.03541033008250078
1276;2.2959890859647534e-05
1277;8.23244634979783e-05
1278;0.00026660492176909924
1279;0.00013529307742339116
1280;1.69350701148012e-05
1281;0.002509113343297175
1282;2.324776826984042e-05
1283;0.0026275417742666852
1284;9.397478013634514e-06
1285;0.002531113759912935
1286;0.17963401335204254
1287;0.002624192057930989
1288;0.002670490475012564
1289;0.11765052931636463
1290;9.939670309654498e-05
1291;0.06350198636763639
1292;0.0026952276601393465
1293;7.807391086255421e-05
1294;0.008171089673265724
1295;0.005175894464442679
1296;0.01002812712474835
1297;2.080111762522546e-05
1298;0.037185737889984374
1299;0.005143211026914006
1300;0.003489731886858424
1301;0.0355399855980594
1302;0.06876521076240318
1303;0.0011048819352029316
1304;0.0050337615237024775
1305;0.0002932800660661288
1306;3.803024699518091e-05
1307;0.002904485993742087
1308;1.8138734540226534e-05
1309;5.4766439700032525e-05
1310;0.010436601947954312
1311;2.5429924084306898e-05
1312;0.00011715403926714276
1313;0.002683563789595279
1314;0.08153701002546399
1315;0.0001429524563445387
1316;0.03743436069949862
1317;0.00023503006265105224
1318;0.00019997158540724247
1319;0.002689874561160869
1320;0.00011584424780547598
1321;0.0025289941070845185
1322;4.187287960108543e-05
1323;0.03530412875123096
1324;0.02751152548472176
1325;0.003197267992653774
1326;0.002539182878408302
1327;0.00504598217915685
1328;7.998756589335696e-06
1329;0.007543731843062151
1330;2.3115270455613866e-05
1331;0.016307627866604935
1332;0.07514668709202695
1333;0.02503364118759128
1334;8.354717708391824e-05
1335;0.00511138796201768
1336;0.005137680568697503
1337;0.002511776914744857
1338;0.01286893599449211
1339;1.0863138005766973e-05
1340;0.002662481946132074
1341;3.6218740730056974e-05
1342;0.007466858714204957
1343;2.335171696189118e-05
1344;4.038583351186247e-06
1345;0.002548659118480932
1346;3.0449485404846386e-05
1347;7.065952788416287e-05
1348;0.002557038642596463
1349;0.005054093527625324
1350;0.04505204254055672
1351;0.0007363515323847732
1352;0.0033211490304083844
1353;0.005425561258535853
1354;1.8592914675185027e-05
1355;0.005047042162049988
1356;0.0009731693067026046
1357;0.0025771485700679803
1358;0.0051842900142773304
1359;0.002613331165279929
1360;7.584137635930412e-05
1361;0.048958173210841165
1362;0.0030359679375209334
1363;0.03973398109993423
1364;0.010368039546898793
1365;1.697706515118771e-05
1366;0.002833186406266079
1367;0.014655011151107985
1368;4.1711642700515916e-05
1369;5.13316084770835e-06
1370;6.97067477272568e-05
1371;7.799121815148068e-05
1372;0.015274413844573167
1373;2.6142052648792557e-05
1374;2.1152512224315304e-05
1375;0.039037678005579064
1376;9.823327173056498e-05
1377;2.8712577903622548e-05
1378;0.025735290160041738
1379;0.00517369812904552
1380;0.0050151357326972314
1381;3.502079268863124e-05
1382;0.00017717158082943305
1383;1.7874811188546133e-05
1384;0.018519902410891496
1385;0.013304518365036462
1386;0.00014506854810635093
1387;0.0001627508018132673
1388;0.0030306495307792815
1389;3.0497798930051716e-05
1390;6.270642226975964e-05
1391;0.005204740041357694
1392;0.007608645268631929
1393;0.021733452036607648
1394;0.0025964184098809153
1395;5.218176050995744e-05
1396;0.025468553027585317
1397;5.6074727910483874e-05
1398;5.7845730210484614e-05
1399;4.851820989685809e-05
1400;7.4916128552271235e-06
1401;1.2261510229332089e-05
1402;0.030699279099961185
1403;0.00018487219453275318
1404;0.05883342176871245
1405;0.03375332088188901
1406;3.493834399368656e-05
1407;0.0031301203559135704
1408;2.9829947998434075e-05
1409;9.985790200700013e-06
1410;0.0003007598886032777
1411;8.508000950845136e-05
1412;0.0003587869618503569
1413;0.016076461736256827
1414;0.0001057746107425261
1415;0.0786855865342973
1416;0.09208616581709388
1417;0.0291926195081387
1418;0.04677676097473368
1419;0.002702075370162803
1420;7.045046305220123e-06
1421;3.145730910082445e-05
1422;0.00026281412105397316
1423;9.967513363019085e-06
1424;0.0032679843614694696
1425;0.01255503148696389
1426;0.01047533581790193
1427;0.00019791263974335596
1428;0.0057200502849307985
1429;0.00501673285419112
1430;0.007639574177773775
1431;0.007548006748355141
1432;0.015082195442401742
1433;0.00012446919025840806
1434;1.321823180921762e-05
1435;0.01032534315264757
1436;9.391305165373311e-06
1437;2.6562600596244427e-05
1438;0.0025154814215421666
1439;0.00016605995673201016
1440;3.561788739981513e-06
1441;0.0002143508105573495
1442;0.118316052854729
1443;0.0001971615594686688
1444;0.013610947068512852
1445;0.005015859701783681
1446;0.0006987703805741108
1447;2.5068613452819068e-05
1448;0.07826576306730619
1449;0.00012161019913948108
1450;0.0002461990535546877
1451;0.00010790084190184455
1452;1.4011795090023475e-05
1453;0.023469522634150638
1454;0.002734887809468207
1455;1.1018922956941309e-05
1456;2.2843114896422564e-05
1457;9.40643482664579e-05
1458;0.0001137068212190613
1459;0.0027875311966625957
1460;0.10402117097112902
1461;0.006391532159581165
1462;0.020268512481885607
1463;0.005172062004282502
1464;0.009823819378065313
1465;1.4780062690800358e-05
1466;0.0028385386614389243
1467;0.001946145592806561
1468;0.0025486431439075527
1469;0.00013627619570539496
1470;2.5782131668049915e-05
1471;0.022089507280373875
1472;3.19476266835499e-05
1473;0.03387705289895714
1474;8.224856927580464e-05
1475;0.004686530788364799
1476;0.0025220418107651994
1477;0.00038087454515818776
1478;0.00042190829848807364
1479;0.0026172198476605655
1480;0.020198745276235556
1481;0.03529725842899647
1482;7.737090319331374e-06
1483;0.044470182123676795
1484;0.0025113045834937358
1485;0.04743060521283105
1486;5.9744036699106505e-05
1487;0.07507480401398735
1488;0.00011997478442050169
1489;0.0025353342024300716
1490;0.007592442708217488
1491;0.012620907923203993
1492;0.085578299122866
1493;0.0025100289960925956
1494;7.020922084375248e-06
1495;0.028015618885322318
1496;3.125602023979524e-05
1497;8.480622012680993e-05
1498;2.621916613008023e-05
1499;0.0030547779909925266
1500;1.1441139544584476e-05
1501;0.02651896323038412
1502;1.2506276859963537e-05
1503;0.010043893146408757
1504;8.54706224681292e-05
1505;0.000545746411541489
1506;0.0027329392425089584
1507;1.2622586946171107e-05
1508;0.0028564261837478472
1509;3.7975062877932036e-05
1510;0.005122053445472262
1511;0.05015106648870134
1512;0.0026211428426766146
1513;5.9713739711645394e-05
1514;0.018658743604032923
1515;2.879442941165808e-05
1516;0.005025391391077379
1517;0.003613745706129914
1518;4.6038960974929035e-06
1519;1.250221930449181e-05
1520;0.012612545766586334
1521;0.0002099376431711518
1522;0.007621063972184944
1523;1.4968201873574118e-05
1524;0.0002573638263919868
1525;0.06016307609028045
1526;0.07228812501981396
1527;3.9642940256033735e-05
1528;2.6704890077464407e-05
1529;0.0027524316065583782
1530;0.06781741206924871
1531;3.156639361561537e-05
1532;8.320744782897309e-05
1533;0.0030063358529916952
1534;0.0025081123589670695
1535;0.0051136164205255585
1536;0.000269668595527877
1537;1.9444269820523453e-05
1538;0.0028289593983373005
1539;0.17740791670658745
1540;0.0001691023956405735
1541;0.0026085349301385565
1542;0.0695419015044656
1543;0.10036632169355957
1544;9.325113269004583e-06
1545;0.002579548247649538
1546;0.007686494296297499
1547;3.782334049129108e-05
1548;3.938340650994441e-05
1549;0.005245571414720242
1550;2.958956241977375e-05
1551;9.07175891866961e-06
1552;6.546442068342109e-06
1553;0.035944305208390065
1554;4.568748122515914e-06
1555;0.0026232843521600494
1556;9.22074732129581e-05
1557;0.0002564124954144473
1558;0.02759029685273761
1559;0.00014092692400783242
1560;0.039520532338957574
1561;0.00012975760019803793
1562;0.0005230015375843648
1563;1.7739974722097697e-05
1564;0.015036864694275563
1565;7.045876227392095e-05
1566;6.271037376600179e-05
1567;0.045006299922457985
1568;0.0001265260398824443
1569;0.0005758572069425009
1570;0.005337396597406875
1571;4.1679471102903316e-05
1572;0.00021093579534045207
1573;0.002958737334986072
1574;0.015255893927852255
1575;9.366823517705137e-05
1576;3.006065868638454e-05
1577;0.022601677918811843
1578;0.0007159232751154239
1579;5.667009518024883e-06
1580;0.002636408421001
1581;0.08158865308281689
1582;0.00010470616820320981
1583;0.0001211912640181478
1584;0.030280646224877975
1585;0.027528150416323654
1586;0.0026726607828172345
1587;0.0025821425454526543
1588;0.052140618654222565
1589;0.0026064036200500553
1590;0.0001934424547938659
1591;0.045247773342218585
1592;0.0253504638466897
1593;0.005130179458220024
1594;0.012692733347025902
1595;0.020178183809843733
1596;0.005176251279526202
1597;0.03022945260655768
1598;0.0014994658613369707
1599;4.075344683304113e-05
1600;0.00024168063931999793
1601;0.012475030565871216
1602;0.0027425403919777154
1603;0.07307701462080333
1604;0.0030783168338674553
1605;0.0026599577719405875
1606;0.2039616214597293
1607;0.0026589489498179014
1608;0.005145479699751838
1609;0.00027159991157598
1610;0.06191724786215495
1611;0.002873527082135241
1612;0.01868736738519188
1613;0.0939032400324855
1614;3.561607529036767e-05
1615;0.00018592901793792837
1616;2.540513742239025e-05
1617;3.078090030934341e-05
1618;4.6460277305359155e-05
1619;2.908302642429749e-05
1620;2.748958386317723e-05
1621;0.002943083031620162
1622;1.0962515106485042e-05
1623;0.005784747308372328
1624;0.027628565576682217
1625;0.44970543725562295
1626;0.03143884850942677
1627;6.605735355386977e-05
1628;0.0025820988865097867
1629;0.0005673739084999216
1630;3.029658259638946e-05
1631;9.50189767207677e-06
1632;0.03258215883431396
1633;0.0027987339330274997
1634;0.002526272380385063
1635;6.137839587945948e-05
1636;0.005180796053389177
1637;0.0003956192931711343
1638;0.00027503463336928054
1639;2.9994453751630624e-05
1640;0.0050567000725229485
1641;0.005031567200893133
1642;0.02516235118278311
1643;0.02748372924681225
1644;0.0025966924069001133
1645;0.17987787331778182
1646;0.004365649811308192
1647;9.464137585802463e-05
1648;0.0001689711484939785
1649;0.00276324293793243
1650;0.0001617035796923082
1651;1.8702344765291384e-05
1652;0.0033592195736660765
1653;0.03068517570340312
1654;5.3235021959811446e-05
1655;0.00018121336189246573
1656;0.0025778294320922667
1657;8.60064274296133e-05
1658;0.033321717687198896
1659;6.829125388904077e-05
1660;0.0025129861784118504
1661;4.055380907779911e-06
1662;0.007413310228495891
1663;0.015015330758606263
1664;0.015173240678305281
1665;1.308743873295945e-05
1666;1.1493901391803116e-05
1667;3.9078518343072526e-05
1668;0.00255529840277625
1669;0.0001015803908836746
1670;2.6807461939344357e-05
1671;0.00018279398690772316
1672;0.0676444775697355
1673;4.39360880195407e-05
1674;0.03507880588194796
1675;0.0011058063167734378
1676;1.5628777782479877e-05
1677;1.653274907512475e-05
1678;0.002822514890760162
1679;4.784893463332583e-05
1680;7.959417789754363e-05
1681;0.005352725475413305
1682;6.933262050009833e-05
1683;1.0325493692700035e-05
1684;0.030789207906094497
1685;0.007666735061586658
1686;0.03071790104400626
1687;0.0001996233153182057
1688;9.914845675398735e-05
1689;3.539512431061464e-05
1690;0.0026286663937914894
1691;9.429419803126257e-05
1692;0.008295092828341422
1693;1.0303506891889215e-05
1694;0.0025886851543213815
1695;8.454070374809542e-05
1696;0.002543049991569339
1697;0.005255826988644804
1698;0.0031196314300095834
1699;0.3072075732750539
1700;0.005622457121623473
1701;3.511032555340365e-05
1702;0.017611851135912033
1703;0.00011900201308846262
1704;5.347525852016412e-06
1705;0.002589590708891712
1706;0.00514464006556244
1707;5.219773855662064e-06
1708;0.00018647108324981084
1709;0.002712311952606804
1710;0.008438311209223587
1711;0.015575877877250115
1712;0.006200563670652671
1713;4.9625406247119596e-05
1714;0.0055589576456613245
1715;0.008163233132693449
1716;0.005100755974216043
1717;0.0028564257446725915
1718;0.005031871742929547
1719;2.864901926021911e-05
1720;0.009619141364755847
1721;0.009121759067252124
1722;0.00019572142641658446
1723;0.0041533812715539385
1724;0.0026297483485888543
1725;0.027512330540032447
1726;0.007960524158447741
1727;0.000334577440050605
1728;0.00018131838003238596
1729;0.05881041120084602
1730;7.018029554554219e-05
1731;8.71366320916519e-05
1732;0.07829962179676446
1733;0.005491516835023122
1734;8.466533265582212e-05
1735;0.005709931577353866
1736;0.017483929601036813
1737;0.00024901937133323023
1738;7.380196289060978e-05
1739;9.251672206350872e-05
1740;0.0032533059849979675
1741;1.37503799354539e-05
1742;0.0007293344025420063
1743;0.0025986982274434447
1744;2.401564369580724e-06
1745;0.005056087931524007
1746;4.981256546719286e-05
1747;0.07769247568917985
1748;0.028448394441746665
1749;0.000280587186116274
1750;7.59680619390241e-05
1751;4.68913989504007e-05
1752;0.012840884526872386
1753;0.009131223703681749
1754;0.012567461224978387
1755;0.005082829156092909
1756;4.1189986611802064e-05
1757;0.005010474869645189
1758;0.01795287304993418
1759;0.00012897598307191676
1760;2.789439257418482e-05
1761;1.7374397323051515e-05
1762;0.00027396701790143843
1763;6.324853097872343e-05
1764;0.010596186835726749
1765;0.09378366275119214
1766;0.00010420731696318468
1767;0.0027590621351303237
1768;5.5862089406902876e-05
1769;0.043272131700852826
1770;8.813296148326214e-05
1771;6.676980046655018e-05
1772;4.680272268423994e-05
1773;0.022975353897295048
1774;0.19558641412747796
1775;0.015030205109588005
1776;0.06758696883799696
1777;7.854905460585586e-05
1778;0.10031803041214014
1779;0.0026762428798015226
1780;0.10037194504286491
1781;0.00022370773425236428
1782;1.945618480508614e-05
1783;0.005383489417473478
1784;0.012629344731730104
1785;2.7685829418812657e-05
1786;0.00033569663794541136
1787;0.0003399395075095461
1788;9.359516996882448e-06
1789;0.012937059488289824
1790;0.0025248015853780847
1791;0.0025548605015136027
1792;4.388517914770356e-05
1793;2.1920812649820937e-05
1794;2.5190629383531885e-05
1795;0.002713439251213617
1796;0.47038633693153414
1797;0.0026227413443454164
1798;2.708699001190349e-06
1799;0.0027531980986584726
1800;1.0235596116440875e-05
1801;0.002549728744461165
1802;0.030075782304770926
1803;0.010285079771432892
1804;0.05716218078299805
1805;5.065075869066388e-06
1806;8.195911541614473e-05
1807;0.0020612958876035582
1808;7.360732507204475e-05
1809;6.0644165690712645e-06
1810;0.00010402739328698354
1811;9.224906482796518e-05
1812;0.00016685848633540845
1813;0.007778549512161566
1814;0.0025217167866397015
1815;0.19137797503841086
1816;5.582319156639152e-06
1817;0.00013946695028276956
1818;0.06718419503487473
1819;0.005008192777001715
1820;4.381070734642511e-05
1821;1.717410011085982e-05
1822;0.010122574987084142
1823;0.040151653793955445
1824;9.278459419905895e-05
1825;2.6833034406802574e-05
1826;0.0001702726938360688
1827;4.493015490298696e-05
1828;0.03108261920750917
1829;0.007623356743503349
1830;0.032744307035986776
1831;0.03674911428865069
1832;0.0001302656437166621
1833;2.872868463874475e-05
1834;3.51169443032437e-05
1835;0.015082456975629167
1836;0.00010521674651466468
1837;0.0002659927452758438
1838;0.005086396504330929
1839;2.601642940209959e-05
1840;0.005056715594488101
1841;0.0025638058874287856
1842;3.128107453028887e-06
1843;8.075642275415964e-05
1844;0.0027713039172338628
1845;0.0001662912178724856
1846;0.0025119897541179717
1847;0.03595297733978766
1848;0.002722193925780456
1849;2.709086812163565e-05
1850;7.738581924871584e-05
1851;0.00021768035255311863
1852;0.0026861763584731927
1853;0.049434578706903876
1854;0.00521551342338273
1855;4.7215269803340674e-05
1856;5.390200587262789e-05
1857;0.057694470864388045
1858;0.0229900126174007
1859;0.014809570597808866
1860;6.486440506286626e-05
1861;0.0004000064462573128
1862;4.553816123025757e-05
1863;0.0025390585841276454
1864;0.008106722903835187
1865;0.0006077672984682164
1866;0.002996619321889952
1867;9.169467659904849e-06
1868;0.00011827384971013298
1869;0.012892844090014443
1870;6.657350129454422e-05
1871;0.005210748302137977
1872;0.005496498725062048
1873;0.005110389600515586
1874;0.008036025630603263
1875;0.00021378090288151183
1876;0.037653191224499366
1877;3.8306433922495614e-05
1878;0.00036510177975698137
1879;0.028464063530084023
1880;0.005013418732855171
1881;1.1569717479869162e-05
1882;0.0006551061438735469
1883;0.00020361361260050215
1884;0.04431397338718416
1885;0.007922889541519682
1886;2.955183136258929e-05
1887;0.0046707619540488805
1888;0.0026159532921777914
1889;0.006106413996949029
1890;0.027607620722813062
1891;0.007645265764244648
1892;0.07938940007586343
1893;8.833802731830975e-06
1894;0.005130853010236244
1895;0.00010752688474990864
1896;0.005126441641211679
1897;0.012532134235181748
1898;0.0025840055616914736
1899;2.996851506790905e-06
1900;4.630440644254169e-06
1901;0.00023714036343898265
1902;0.02045338307542388
1903;0.027603064293040068
1904;0.107053717236053
1905;0.005520984137757577
1906;0.010553422391504166
1907;4.305894229022548e-05
1908;0.0026679295312218064
1909;2.4395650144637382e-05
1910;4.088112063964456e-05
1911;1.9590790628481304e-05
1912;0.00012856425212725108
1913;0.0027641187754509043
1914;1.1664719554793637e-05
1915;4.4988990311112076e-05
1916;0.025080573096763398
1917;0.007589652507959606
1918;7.712762838168026e-05
1919;0.002529821439890302
1920;0.0130774090980651
1921;0.007529230440040692
1922;5.394779739173973e-06
1923;3.5056400943228e-05
1924;0.007585400986148259
1925;0.005007758747824991
1926;0.030849690908670322
1927;0.05811371537360043
1928;9.363169145840952e-05
1929;0.0003278557281857779
1930;5.3211343492066085e-05
1931;0.010024041792056999
1932;5.9280054497987755e-05
1933;0.0025758287942457127
1934;0.030164638173266953
1935;2.4027319654490007e-05
1936;0.01567626355922443
1937;0.06263428639610016
1938;0.0003155014023181933
1939;0.00013973935156205822
1940;0.7225739622815048
1941;0.00018593794793108728
1942;0.05509750138373389
1943;0.002956773854185333
1944;8.98608056833362e-05
1945;0.01808572227499034
1946;0.06777806091371485
1947;5.214849572203753e-05
1948;0.00759088475081969
1949;0.031197911378163357
1950;0.04833359024127226
1951;0.0030299530071870528
1952;0.002534916558745602
1953;0.027536550331449892
1954;3.1781984405843043e-06
1955;0.0129101024182943
1956;0.017815607803285272
1957;0.010081219960216808
1958;0.0027587123711952026
1959;0.0433840449198441
1960;0.028904756271663674
1961;0.002625079930408557
1962;0.0026449584242288944
1963;6.451187952390663e-05
1964;0.002602302131693371
1965;0.000256365163369661
1966;0.00024593835347123044
1967;0.005017726154946403
1968;0.46778045573359944
1969;0.0006403398053867851
1970;3.697171029102871e-05
1971;0.010157489732478629
1972;0.007996575634087115
1973;2.5512349414086572e-06
1974;0.00340489153126886
1975;0.010067309888433101
1976;0.03780336216791138
1977;0.030258293077662986
1978;5.284192558506193e-05
1979;6.098392044255013e-06
1980;0.022694449068848228
1981;9.642301633129347e-06
1982;0.002925295414159068
1983;0.0001348317240940193
1984;0.010660747413769869
1985;0.0025133412784861036
1986;0.01757286390045416
1987;1.9021823414835403e-05
1988;0.11012544218694849
1989;0.036161541138490114
1990;0.005071312664890367
1991;0.07365922240573082
1992;0.0007001557520218265
1993;5.2161425166166424e-05
1994;0.002699124870923383
1995;0.002601599700066636
1996;6.0594382112094586e-05
1997;0.0050390069071231764
1998;0.005115727407911253
1999;0.0002614298095517259
2000;0.052700018655991374
2001;0.0029306732720440374
2002;0.0025893829207229583
2003;1.6282472722375374e-06
2004;0.00016488461383350092
2005;2.6015589138724663e-05
2006;0.010376774775813726
2007;0.0003360581089753382
2008;0.037977861261227264
2009;0.00509103251408274
2010;3.4607221832710843e-06
2011;0.044756364099674546
2012;0.005159098622923657
2013;0.002535843059080061
2014;0.10358032299345639
2015;7.633822124486539e-05
2016;0.005236918360743532
2017;9.063874650720917e-06
2018;0.002910754711727038
2019;0.0026694352255685707
2020;0.0025955086161349775
2021;0.00017416977744489937
2022;0.005021626463898185
2023;0.03945351141435659
2024;0.005107745344079574
2025;0.002945390569291745
2026;0.005294674749993387
2027;0.0002065976874506634
2028;0.03624501463516664
2029;0.047836986524652056
2030;0.01052801370647907
2031;0.030672242224210618
2032;0.00013209670024518603
2033;0.05411829568038023
2034;0.00011840308372983006
2035;0.005223156435699825
2036;0.025751875111899213
2037;2.9003039757769322e-05
2038;4.8988863430605314e-06
2039;0.025968256874377992
2040;2.237078874622397e-05
2041;8.90972760944972e-05
2042;0.0003581578811281017
2043;0.020132647317555208
2044;0.05168682649718158
2045;9.03062122660024e-05
2046;0.0026338186929214242
2047;0.0067534420905754535
2048;0.0025625273978712947
2049;0.1352323147876594
2050;0.00012518954255993112
2051;0.08255850452157815
2052;0.003223496062645872
2053;0.0002599639770834782
2054;0.005214588850238925
2055;2.3854510299541497e-05
2056;0.00013966482462130503
2057;8.979166165950813e-05
2058;0.007642736716048122
2059;0.00010695958242691276
2060;0.07075815581733713
2061;4.880914830363393e-05
2062;0.00251215741941091
2063;0.0276145213981794
2064;0.008555142526665161
2065;0.029044475671731403
2066;6.938424948387373e-06
2067;0.005113154917636595
2068;0.005047911128406194
2069;6.184620000331375e-05
2070;0.02793609547807338
2071;0.007573387696899101
2072;9.719134964678732e-05
2073;0.006230205593066751
2074;0.005033236147792218
2075;0.12569106830703325
2076;0.10069546588844426
2077;0.007843357496404323
2078;0.0035068375739454012
2079;0.08516132991776554
2080;6.16774797773086e-05
2081;3.299858843110048e-05
2082;0.015716530574089848
2083;0.0036688177720501374
2084;1.6130221008815893e-05
2085;2.629423895060724e-05
2086;0.005634161996374064
2087;2.3362392124014795e-05
2088;0.00528200619622431
2089;0.00011016988388551954
2090;0.000100576000037483
2091;4.042166425785865e-06
2092;3.1628997102983076e-05
2093;8.314631470454176e-05
2094;0.028144531580942652
2095;7.07981979717958e-05
2096;0.0026030205483845627
2097;9.817110760260923e-05
2098;0.0001634939722333917
2099;3.940456070370187e-05
2100;0.00011533986069019595
2101;0.002699852689355307
2102;0.017813292100715382
2103;0.027905693222259335
2104;0.017689850114638583
2105;0.009671578901978742
2106;0.0025555234657998714
2107;0.011179795803979653
2108;0.00019614773567865645
2109;2.743565335636882e-05
2110;4.920000943498775e-05
2111;0.007906771502665149
2112;0.00015568433290441807
2113;0.001267727918438274
2114;0.005108268661344683
2115;0.003030264789226657
2116;0.012721939075854258
2117;8.090977184209819e-05
2118;5.6662680624165617e-05
2119;0.0003458026886172878
2120;0.003912674463106957
2121;0.005015918782901066
2122;0.04299368056120879
2123;3.44941225186864e-05
2124;3.370388436172384e-05
2125;0.002604329074204725
2126;5.2279513401304236e-05
2127;0.0025587226414933036
2128;3.856257469933966e-05
2129;0.008296964693594769
2130;4.5900405047537345e-05
2131;0.008118138537815756
2132;0.002612644397904888
2133;0.0007208977864470865
2134;0.00023832381353024824
2135;1.2211651654152313e-05
2136;0.027870771348055535
2137;9.820843777813912e-05
2138;5.530525728126216e-06
2139;4.442849208324649e-06
2140;0.0001074771884468045
2141;0.0028811431045435245
2142;4.990932554625248e-05
2143;0.035385235462972
2144;0.005124173040959006
2145;0.02512985679296942
2146;0.0010785932745478813
2147;1.9987495138793448e-05
2148;0.00021649538210778948
2149;1.857562940369627e-05
2150;0.0028602971902521633
2151;0.00013483859285472598
2152;0.007541375294893289
2153;0.01710040245137797
2154;0.00015109814937409839
2155;0.012706038280540689
2156;0.00024076329506892344
2157;0.010387108782769014
2158;0.010484842062011111
2159;0.025018748372734437
2160;5.5987831088721095e-05
2161;4.981711214047577e-05
2162;8.959402278510327e-05
2163;0.060203168900486576
2164;0.002609718541828262
2165;3.7435650840240134e-06
2166;5.099056129667596e-05
2167;0.00010074992051966613
2168;0.03773935120239345
2169;0.5403552777663753
2170;0.4587065359506878
2171;0.002553924204919783
2172;1.850602342340444e-05
2173;1.2323601868978801e-05
2174;0.00012843710622454342
2175;1.826351770200129e-05
2176;0.006213576428342262
2177;0.004228579463521917
2178;9.455939487493214e-05
2179;0.0251266709065672
2180;0.0005597492693558788
2181;0.00010004454410984975
2182;0.00013502536990967618
2183;8.988515691275658e-05
2184;3.842032137878097e-05
2185;0.00028006504135771193
2186;0.00015519856882017044
2187;0.0025402118617088043
2188;0.0001931623701780045
2189;0.005039954139524529
2190;0.00976615278975071
2191;0.00022019753394060282
2192;0.00018103624917206743
2193;4.0664066464638754e-05
2194;9.692309895523603e-05
2195;0.005050553978561671
2196;0.005041041104728742
2197;0.0027488740488577036
2198;0.007566871456478425
2199;0.0025398433818703517
2200;0.03262198920863865
2201;0.003335295619359309
2202;5.382875515836594e-06
2203;0.00018577812099188057
2204;0.04796360351311315
2205;0.00813869251273361
2206;6.683473754731778e-05
2207;5.5571496020049674e-05
2208;5.773062516681024e-05
2209;0.001104876050177421
2210;0.000434566128416084
2211;0.033109972153797754
2212;0.0176800315561004
2213;2.644583419850711e-05
2214;3.4272724550899855e-05
2215;0.005677950145576645
2216;3.330981428984209e-05
2217;0.00798923310785166
2218;0.0031942655882774558
2219;2.8005116356004632e-05
2220;0.002969844505236888
2221;0.0025473800540736415
2222;0.11601180994755923
2223;0.0059262007503906025
2224;0.06132308068037475
2225;9.549714223751033e-05
2226;0.03838089051298588
2227;0.0003286992018742666
2228;0.6020867291530129
2229;1.9710955001466633e-05
2230;2.5825792157535257e-05
2231;0.010247311259116758
2232;0.0001699027785124502
2233;0.08018257212993307
2234;0.015382222429397312
2235;0.0050873554589283086
2236;0.005109339830939876
2237;0.015069781364672024
2238;5.868909468123322e-05
2239;0.0002033663181246159
2240;0.07291366578564264
2241;8.616146573861008e-05
2242;3.985678573800806e-05
2243;0.025192183272684233
2244;0.012622326501099733
2245;0.00020229384102863224
2246;0.0025321514203451444
2247;0.03211086964398781
2248;2.396881998848499e-05
2249;0.0029386544097422303
2250;0.0732476180144645
2251;0.030348050809654185
2252;0.11350953720653924
2253;2.3627657380875274e-06
2254;0.0004161127482357444
2255;5.644675891855382e-05
2256;0.002664451944651298
2257;0.057826824875464956
2258;0.002518833759862464
2259;1.8227065585429537e-05
2260;6.2624063306356816e-06
2261;1.970854232377801e-05
2262;0.028201051096019746
2263;0.0069933354470490035
2264;3.2897381901421816e-05
2265;0.0005086298083049692
2266;1.2456563051078518e-05
2267;0.6385988764215135
2268;0.078878878324536
2269;0.00019211418043957925
2270;0.02350999325954511
2271;3.834647894988603e-06
2272;0.0028837582091946587
2273;0.002514805160359139
2274;0.008010257340092985
2275;0.01040059524839263
2276;9.450867093455639e-05
2277;0.008005645278180876
2278;0.00011024482033973277
2279;0.055742208171227735
2280;0.04799868869537485
2281;0.1509794835982829
2282;6.609131872875597e-06
2283;2.8079654133800352e-05
2284;2.7262055984290687e-05
2285;9.28144242041597e-05
2286;9.718831237280638e-05
2287;2.2976974704641036e-05
2288;0.0004863825514735722
2289;0.0001886802620044105
2290;0.0051037849188492026
2291;0.007563118835901241
2292;1.935963748838864e-05
2293;0.028041491365591073
2294;0.00017969631013230574
2295;0.002600453022107232
2296;2.2449284506308355e-05
2297;0.0025916140094403664
2298;0.008161769169493203
2299;0.005441953036798183
2300;1.9019911501616368e-05
2301;0.00015829985471994254
2302;4.9456155356927046e-05
2303;4.945542375459134e-05
2304;0.002512106095576451
2305;0.0054144783559733215
2306;0.00017478052655038872
2307;0.00018913092129588623
2308;0.09393146147971947
2309;2.7558143492385555e-05
2310;2.763886263449701e-05
2311;0.010919865937622958
2312;3.203343810010228e-05
2313;0.0003186313579315405
2314;5.4515352200675744e-05
2315;0.06456031255699034
2316;2.5334107307143272e-05
2317;0.005073145948487629
2318;0.000393090975075869
2319;0.042663980130042266
2320;0.0031833141232001433
2321;0.0025222480817355063
2322;0.011401656726888039
2323;0.00015355912505490897
2324;0.005326808444636595
2325;0.0425607936280658
2326;0.0025627219058925945
2327;0.005352106726282899
2328;0.0031888199118794637
2329;0.007579406169356316
2330;0.0005852185150535966
2331;0.00017541111956628262
2332;2.843388269934731e-06
2333;0.012592966996641558
2334;0.0036384104686237023
2335;0.007768450780408228
2336;0.00033152525055870263
2337;8.138022906864397e-05
2338;0.0008667743521440329
2339;0.00026659673690295345
2340;3.837511948848979e-05
2341;0.03053714840565242
2342;3.6695758432106025e-05
2343;0.00013438925955583042
2344;0.06158692134824823
2345;3.25599545546225e-05
2346;0.004685281740242866
2347;0.005657320810203108
2348;0.025195854127060307
2349;0.022698760936285683
2350;0.010423249943274003
2351;0.015123895332568681
2352;0.00027184373979918726
2353;0.00041248475926156645
2354;2.5758869853928754e-05
2355;0.00029636979391843636
2356;0.04890080275170517
2357;0.0025264098360344833
2358;0.00021811875725347087
2359;0.002577719913300089
2360;0.00867259034051144
2361;0.002506650462550443
2362;0.007526737200948264
2363;0.0026072573474690774
2364;0.005359578764793081
2365;0.0025164666532592
2366;3.6907795410711056e-05
2367;0.004278956683060929
2368;0.0013046050314452207
2369;8.376350925680858e-05
2370;2.1553029336576147e-06
2371;0.002581053354481235
2372;3.849606033091362e-05
2373;0.028179760260887695
2374;6.372118127381112e-05
2375;1.6486797928892916e-05
2376;0.0002300373526836882
2377;3.341947134777138e-05
2378;0.005019550145664326
2379;0.0038509681946067346
2380;0.05060026030372668
2381;1.725463278847148e-05
2382;0.05687391616176264
2383;0.002563534694559773
2384;0.07728460054889483
2385;0.0009742357833894044
2386;0.0027030542739133545
2387;0.020027090622578632
2388;0.0025214182639846866
2389;6.84955793837971e-05
2390;5.94679395071114e-06
2391;0.002612081445146697
2392;0.04029171611820569
2393;9.418282916133745e-05
2394;0.005540046934350504
2395;2.0249577887428945e-05
2396;8.449279670807923e-05
2397;0.032748674096370285
2398;4.7311884541694815e-06
2399;0.0001901459721639828
2400;0.010659150443663657
2401;0.00014117628166832163
2402;0.012536251597081285
2403;0.0030936026513493035
2404;0.0032523095339727923
2405;0.0026366373768681776
2406;0.005015294739806221
2407;3.4386428825430046e-05
2408;0.0004077279914987559
2409;1.591695850233249e-05
2410;1.4974211873350257e-05
2411;5.182862361995688e-05
2412;0.012608690570476158
2413;0.12303220487800588
2414;0.00015980057127183245
2415;0.12906292991751941
2416;0.005053513307358211
2417;0.0050432827412800795
2418;0.002625988182216101
2419;0.0076419878053476335
2420;0.02147716024630922
2421;0.009243820979038557
2422;0.0009500968401822704
2423;0.0028949465172584433
2424;0.00013252654528098112
2425;0.0001792314476715008
2426;0.00011620757648235207
2427;0.016394117074448378
2428;9.735193331322674e-05
2429;0.04834804280170547
2430;8.946416872545052e-05
2431;5.995520361385913e-06
2432;2.2801187884083343e-05
2433;2.5998789599506175e-05
2434;0.017984851735586317
2435;1.1787609857679672e-05
2436;0.005461157281902143
2437;0.10139879254925989
2438;9.40724297824827e-05
2439;9.93301281123718e-05
2440;0.10358319711238631
2441;0.0040899904263892815
2442;0.0533257386824148
2443;0.020624340630677685
2444;0.005119937645705048
2445;3.219994400609144e-05
2446;0.00013722933741286913
2447;0.00040496665179910485
2448;1.744375739832153e-05
2449;7.344835715840377e-05
2450;2.383685114332732e-05
2451;0.00635211437228166
2452;0.007535716849714048
2453;1.2921310114072561e-05
2454;8.718370247774766e-06
2455;0.04706609974080941
2456;0.0009094197711595456
2457;0.0075968814570198705
2458;7.142918512647392e-05
2459;0.015121935961586473
2460;2.2715358818899715e-05
2461;1.3834305969490643e-05
2462;4.0433255522674164e-05
2463;0.005124303235176884
2464;0.00021528339935098498
2465;0.026044762602725046
2466;0.0005058422895839029
2467;8.170429290061457e-05
2468;0.005750221707309028
2469;1.8021045441850545e-05
2470;4.828626664928539e-05
2471;0.030490410929659446
2472;2.391129833141963e-05
2473;0.007502369045365632
2474;0.00500922039111762
2475;1.645091644312052e-05
2476;0.057636648492401486
2477;0.007545240672806737
2478;0.005048299754015849
2479;0.08552136669110838
2480;0.045825984105007565
2481;0.010110745776130298
2482;9.61691183608046e-05
2483;0.05764873801862083
2484;3.274172482209189e-05
2485;0.010041370655725728
2486;0.022651236750287913
2487;0.007738161635246919
2488;0.10799269853099375
2489;0.0025447542833672305
2490;1.7943653628902482e-05
2491;1.1072724718803842e-05
2492;5.520644860541068e-06
2493;0.0002015062592332429
2494;0.00023848643279142503
2495;0.07493361235326405
2496;0.030815529446967332
2497;0.00044256930591043346
2498;2.758870418237205e-05
2499;7.282997309055729e-05
2500;0.000173549441727905
2501;4.501314576696171e-05
2502;0.0005467103386443532
2503;4.173201218740248e-05
2504;0.0004399977012617797
2505;0.0050252948292618576
2506;0.007621479201841048
2507;0.007522540060281317
2508;0.002557401030033209
2509;0.1083201636039205
2510;0.05753316142451567
2511;0.005035981893331324
2512;3.108919114457428e-05
2513;0.00010936292183726398
2514;0.00032429107702626714
2515;0.002910697577922977
2516;0.005294855122729232
2517;0.0006548903944734271
2518;0.03507902234176326
2519;4.917765122886559e-06
2520;3.850888192194785e-05
2521;0.0025475975484032212
2522;0.04527648605091813
2523;0.007693010130767911
2524;0.005832540470428549
2525;0.03585780788938983
2526;0.002521534963526756
2527;0.01057709450541607
2528;0.02055559687725827
2529;0.0075218831216487935
2530;0.00012042993775254933
2531;7.714285288994876e-06
2532;0.03288755503037581
2533;0.002662657184050259
2534;0.012868573314992861
2535;3.774836745912376e-05
2536;4.548873542486405e-05
2537;0.0025265361849178517
2538;0.06875262132458715
2539;0.003624577406848637
2540;0.007519822096390032
2541;6.468763858832951e-05
2542;0.0002810459753860316
2543;0.002668633671850325
2544;0.09518879789222336
2545;0.00017236882509092137
2546;2.4464891234755136e-05
2547;0.00025828677710801453
2548;0.007816378941868637
2549;0.0023767299319331237
2550;0.0005928147165322077
2551;3.662299658888022e-05
2552;3.2827345494129104e-05
2553;0.03283812988205588
2554;0.0008975419729197594
2555;0.020138874191730206
2556;0.00016021919664118125
2557;0.10194138701819373
2558;0.022723713278455532
2559;3.350435606701406e-05
2560;0.010045163788841219
2561;5.1176002366911225e-05
2562;0.08144501588113405
2563;6.808112587544632e-05
2564;3.54447383817492e-05
2565;0.010910326951998468
2566;0.015110373201073507
2567;0.0278913351886428
2568;0.0032458615571356953
2569;0.002580185122431943
2570;0.002321956219675571
2571;0.0025051057819648033
2572;0.0002830822037471107
2573;0.0002067349291774032
2574;0.0002149617955694024
2575;0.06659916375016378
2576;0.007524022503900909
2577;0.00253174450351758
2578;0.005038477465435967
2579;0.0002736998152906644
2580;0.0009346163183096634
2581;5.999170107053799e-06
2582;3.5275573543933284e-05
2583;0.020064774043858317
2584;1.5017288095733998e-05
2585;6.257697230201381e-05
2586;0.01541405839965853
2587;0.0025721670541117847
2588;0.03114583496551793
2589;4.2576987890025216e-05
2590;4.7638226910489144e-05
2591;0.5746530623288688
2592;0.017531903476179556
2593;2.8414101364436683e-05
2594;0.00263787428819514
2595;0.0027821783973112366
2596;0.0025110603815275173
2597;0.013833978364213375
2598;1.6517675265856406e-05
2599;0.0051495632267407635
2600;0.003313343181945753
2601;0.00011239357402354539
2602;0.012696666187071515
2603;0.010148963399223608
2604;1.4358297796950497e-05
2605;0.06614694576610472
2606;0.03348988221400612
2607;0.00028843466362430266
2608;0.006943326687600549
2609;8.869914249871662e-05
2610;0.01251557002772692
2611;0.00017167518022174216
2612;0.00861201330528323
2613;1.9078385770804423e-05
2614;0.0019000483435004387
2615;0.005131971804563521
2616;0.0005286024672498458
2617;0.007506094420762826
2618;0.015195963719079676
2619;0.008105868470117142
2620;3.7725498715340125e-05
2621;0.002537551071661279
2622;0.0026761798118546754
2623;0.048222345184402535
2624;1.634366197178166e-05
2625;0.09841655681311737
2626;0.04301391027007973
2627;0.00010621480378540368
2628;0.02560078804029996
2629;0.01374061382439854
2630;0.010485203506480823
2631;0.005089818721240771
2632;1.7666184680992592e-05
2633;0.00010743363041846804
2634;0.003516863682412263
2635;0.005150384848394886
2636;0.050516488455466184
2637;0.002519318501631051
2638;8.233896680297894e-05
2639;0.030422245454729546
2640;0.0025246684595083596
2641;9.788663838724501e-05
2642;5.7104963616659727e-05
2643;6.319943223879016e-05
2644;0.0025137455949656782
2645;0.00030918747748489764
2646;0.025697000084886984
2647;0.11557858388073296
2648;0.010146579544884404
2649;0.030017054061608903
2650;0.016394116802299033
2651;0.08310697981750956
2652;6.806003596457742e-05
2653;0.010205922211684407
2654;0.010025818169338592
2655;0.015027871337883587
2656;0.0053163271840426215
2657;0.005110956627956669
2658;0.000294042830813881
2659;0.006126389037235316
2660;0.0001582975703311529
2661;0.07924297614227997
2662;3.5824279735126997e-06
2663;0.0025546418715350233
2664;0.04294057716961699
2665;0.00251464322630621
2666;9.496076987918987e-06
2667;0.045865350269001716
2668;7.534903180987484e-05
2669;0.006336826239763521
2670;0.0025183194691141214
2671;0.028202401973380503
2672;0.07085889832712387
2673;0.0025315150861986695
2674;1.6326967523133296e-05
2675;6.0675518636615355e-05
2676;0.0025597706879086535
2677;0.005137682153208606
2678;3.2341380540923764e-06
2679;0.0904039507523805
2680;0.06679560216006762
2681;9.695571149587994e-05
2682;0.017954684161944578
2683;0.015353909521241776
2684;0.00518663495065962
2685;0.012558719871616697
2686;0.0375566370664916
2687;0.0025951954325362835
2688;6.582508534086856e-05
2689;0.03516356379276089
2690;0.0025254684030770786
2691;1.5970218698024325e-05
2692;0.09487444378911405
2693;0.00256914328478453
2694;0.007899517890555843
2695;0.015396514268670315
2696;0.000103135781690883
2697;0.04081996687075016
2698;0.05542725029634909
2699;0.03090123031430726
2700;0.002947743750951616
2701;0.002546407177734623
2702;0.005744290210452821
2703;4.423969908613507e-05
2704;3.6346237332081316e-05
2705;0.00010295845158587792
2706;0.00012317814659069335
2707;2.130691255896484e-05
2708;0.0025612646388679184
2709;0.03450726764503306
2710;0.00021990430121120692
2711;0.04592082824900538
2712;0.10413256037676114
2713;0.013011242104606456
2714;4.336228890749364e-05
2715;1.1673486857422848e-05
2716;0.025730013970515265
2717;0.00014834149044807313
2718;0.06329627157360902
2719;0.0004911143587926622
2720;1.3173013289841059e-05
2721;0.0301568019307597
2722;0.0001958559954680191
2723;5.5389612701865935e-05
2724;2.8923620665229787e-05
2725;0.45720553255858704
2726;2.88282158335726e-05
2727;0.00022148858732768816
2728;0.0057444552586742815
2729;0.00012704085545368012
2730;0.02155910090334489
2731;0.00011963784746392832
2732;0.007604787964605228
2733;0.0038665203828475245
2734;2.918382978220542e-05
2735;0.0001225218917560256
2736;0.00254908701425782
2737;0.048067053825813014
2738;6.588455674191228e-05
2739;0.01005177593766792
2740;2.2235603323361166e-05
2741;4.634734198221953e-05
2742;0.010048216608720042
2743;3.0327467571256662e-05
2744;0.037524009919934674
2745;1.845522743784804e-05
2746;1.254688778135217e-05
2747;1.8247931814925557e-05
2748;0.2286387772724726
2749;0.02006135883977031
2750;0.0027092331493448756
2751;0.00890374605290363
2752;0.00011798552067220148
2753;0.05693589351545225
2754;0.0826045027189761
2755;0.03313229630157917
2756;0.03484832459418861
2757;0.00264280868573243
2758;0.0007963409603288835
2759;0.2723163328862274
2760;2.0267958620531738e-05
2761;1.1684727070689908e-05
2762;0.06814417688967218
2763;0.0025843679649935163
2764;0.08877478956591976
2765;0.07312810177340343
2766;3.378010432223598e-05
2767;3.548346800672998e-05
2768;0.0051008992148529496
2769;5.577902853346764e-05
2770;0.010009163411063976
2771;2.617828837346721e-05
2772;0.002532003091015952
2773;6.746206262404271e-05
2774;0.01762902659461258
2775;0.06352848247303236
2776;0.0052378224014835014
2777;0.0026006325520808505
2778;0.0002358274849450174
2779;0.0015375217607177046
2780;0.05773359461059823
2781;0.007645720082951737
2782;0.0101279156093575
2783;8.264243679568545e-05
2784;4.525691890871374e-05
2785;0.0025439376980900073
2786;5.735288685512742e-05
2787;0.04726893330184582
2788;0.034392709660183395
2789;0.020234889197417533
2790;0.017605109266085685
2791;3.4421938521897277e-06
2792;0.0029573930074855382
2793;0.005387690612823219
2794;0.002635597016315002
2795;0.03113568336706776
2796;5.2606411555402324e-05
2797;0.05515461460491716
2798;0.05039593403996452
2799;7.61226748603998e-05
2800;0.005739643079075027
2801;0.0025277894707108994
2802;4.089966879919816e-05
2803;0.0025190059125437024
2804;1.2563735928616293e-05
2805;0.025585832874972823
2806;0.02261976760422043
2807;0.00024106002898506747
2808;0.005448812365397789
2809;0.0025108980438204383
2810;0.04002044505162502
2811;0.005250434192741612
2812;4.197066380614841e-05
2813;9.655873478342236e-05
2814;0.00016561795763500158
2815;4.25156307359584e-06
2816;0.00010653556389512278
2817;0.002706590122948521
2818;0.005043431618630461
2819;3.0499414575438483e-05
2820;0.002627902550113509
2821;0.007823452574104703
2822;6.13621989635145e-06
2823;0.00021428441066456209
2824;0.005874798401265979
2825;0.00020475850478233578
2826;0.045600816088884784
2827;0.025110322648250385
2828;0.05673481602981878
2829;0.00577355824617698
2830;6.992156477308873e-05
2831;0.025030346124130902
2832;0.013017971267489837
2833;6.848545240936862e-06
2834;0.0026361068481208015
2835;0.002642741218606278
2836;0.007547236672670069
2837;0.0677916715324063
2838;9.335753388661763e-05
2839;0.00032973042193994753
2840;1.9344432698925785e-05
2841;0.002546631544303051
2842;8.752132260884589e-05
2843;5.165015779390493e-05
2844;0.0032911242685715234
2845;0.004904670414279645
2846;0.00013200231766962258
2847;2.2869436137121085e-05
2848;0.0005335153289783186
2849;0.0025124181709861447
2850;0.002816404921246277
2851;0.011453176581316088
2852;9.892444804431803e-05
2853;0.007519674599867687
2854;0.005078028957448558
2855;0.002555465817942051
2856;0.00010509712621544534
2857;0.0050382705098351716
2858;0.0002446222771212313
2859;0.007571710055158817
2860;8.873631221044043e-05
2861;0.025593315696535633
2862;0.0001427077173854294
2863;0.0025443225923465467
2864;0.0025472047891332227
2865;0.025094215737171372
2866;0.0035519848888716163
2867;7.487323611262048e-05
2868;0.010412428260452584
2869;1.609377982197375e-05
2870;0.00014757997806836765
2871;0.01002004599327835
2872;0.017987106532013852
2873;0.026934425264519984
2874;3.115329414584907e-05
2875;0.00016581990485085122
2876;8.431405519119665e-06
2877;0.04369599406514469
2878;0.002541112502580898
2879;1.5024258461851797e-05
2880;0.02304541209978516
2881;0.0052837350278511054
2882;6.681947752474282e-05
2883;8.52809629470548e-05
2884;2.562294816691987e-05
2885;0.00023005845504293841
2886;0.008685457335142593
2887;0.025109329786500934
2888;7.415578467553038e-06
2889;0.0029623740387511753
2890;0.002551441774209178
2891;0.06313100090984496
2892;1.6261255344970278e-05
2893;2.2370507944521894e-05
2894;0.0010722738707356317
2895;0.0014074938247261952
2896;0.008025658291673884
2897;3.434589684974174e-05
2898;0.0050884676937842585
2899;0.0025223900435549724
2900;6.432471758594336e-05
2901;0.0015744204190110411
2902;0.01964888090924867
2903;0.002780896368680159
2904;7.341691424180524e-05
2905;0.0703487390171073
2906;0.0034370400309604327
2907;0.02504689343587629
2908;0.007826131073277637
2909;7.040868547462179e-06
2910;0.003607403139602043
2911;0.030448414464554503
2912;0.00025063346866190773
2913;2.4572233794480206e-05
2914;0.007596355183997927
2915;0.015430605731994134
2916;0.06465173365360571
2917;0.14369252379402445
2918;4.010856058323589e-05
2919;2.3461382248297842e-05
2920;0.01525553269141789
2921;0.012506806447758647
2922;0.0530188588270296
2923;5.181138240723316e-06
2924;9.001441361075365e-05
2925;0.05796935985404674
2926;0.0027977108085608174
2927;0.002611772135966707
2928;0.00016404373562863407
2929;0.0022061132976609506
2930;0.03598735260539582
2931;5.437482260913943e-05
2932;0.0029207657741445645
2933;2.739304909955175e-05
2934;3.094321248046352e-05
2935;3.175631509523723e-05
2936;0.0028568703939750827
2937;0.003041962904710319
2938;4.661376413051575e-05
2939;0.00016626438735427372
2940;0.0002651090676424395
2941;0.002758618467648324
2942;0.00815840280717327
2943;2.7913915806901426e-05
2944;0.0026659647769678675
2945;0.030711550424673873
2946;1.946066964743787e-05
2947;4.869229186511273e-05
2948;4.1834636366207925e-05
2949;0.04766435928506939
2950;0.0025195110567302796
2951;0.00504452300703612
2952;1.4134684784970306e-05
2953;0.0001423500741065448
2954;0.00271981673848043
2955;0.010767168352876005
2956;0.007597482036574201
2957;5.327161174790505e-05
2958;7.165076971636089e-05
2959;0.002788693253184942
2960;1.5225243346344076e-05
2961;0.0382207909034674
2962;2.297975176772558e-05
2963;0.002661760231914531
2964;0.0025867005993044628
2965;0.007614590931308799
2966;0.042852329693530304
2967;0.0003172708813812146
2968;0.00017006890695293783
2969;0.00015306117584240004
2970;1.5107482099165821e-05
2971;2.7234357722295962e-05
2972;0.012141954588305921
2973;0.017451340382642656
2974;0.01097315957380801
2975;0.0025095991913483147
2976;0.0400775485659336
2977;0.005076849304327622
2978;0.005078323990190547
2979;0.0025072188256397327
2980;0.0026255170345991243
2981;1.212167792576054e-06
2982;0.0031561451284733625
2983;2.6365344644827924e-05
2984;0.028219681281603556
2985;0.0027566122600280827
2986;7.674434802669231e-06
2987;0.0027451477609097695
2988;0.01267049698825579
2989;0.028799368898260232
2990;0.007599678073831603
2991;0.00022306526823617727
2992;0.00013744989246829847
2993;0.0005774321329509175
2994;0.00011209956625546698
2995;0.010472293921089348
2996;7.505665359949702e-05
2997;0.002676548607817889
2998;0.005026546272391581
2999;0.06636629019679886
3000;0.057059644836609656
3001;0.005052561557544818
3002;0.007693514356330036
3003;2.2051068021178525e-06
3004;6.054600821993395e-05
3005;7.889291568405973e-05
3006;4.227774514117153e-05
3007;0.03561515723389787
3008;0.00016770794797765854
3009;0.07513742835345694
3010;0.002650805943949886
3011;7.695074742848441e-06
3012;0.00010357965525977055
3013;0.044768118697480624
3014;0.013468881122342496
3015;0.007720355307709705
3016;6.276705626524443e-05
3017;4.2093799901872155e-05
3018;4.5782111130177946e-05
3019;0.010321130128146023
3020;0.025079672410374447
3021;2.601873600491415e-05
3022;0.005044137345736845
3023;0.00030259195950252914
3024;0.02411541910656771
3025;0.00016458882527056845
3026;0.0033141310667097077
3027;0.0007473351793566921
3028;0.002534422410057573
3029;9.570100173049971e-06
3030;0.01290551644945266
3031;0.0001490833544149564
3032;0.027563318125824982
3033;1.100185347899947e-05
3034;0.03007221057503309
3035;0.0005714063364329688
3036;0.0005153095378733392
3037;0.012568020809781996
3038;1.633323479253842e-05
3039;0.0025438591718483896
3040;4.7194779573016935e-06
3041;6.281248600320648e-05
3042;0.00022622219134648764
3043;8.110248471393667e-05
3044;0.005088515956560461
3045;3.33469210597523e-05
3046;0.02604415148805752
3047;0.0025959517988942906
3048;0.020542677695888523
3049;0.008380793564937018
3050;0.0035667931106917994
3051;0.025007596787720406
3052;0.0025495576720208813
3053;0.006223559586882685
3054;0.002550764226286476
3055;5.4114788528947254e-05
3056;0.015419845701635708
3057;0.07566371599772106
3058;1.1315631389738923e-05
3059;0.0025395400855939185
3060;0.0025800707733808093
3061;4.02419294763321e-05
3062;0.0002300080846633326
3063;0.015137855567418671
3064;0.0026059374386094374
3065;6.835927584772946e-06
3066;8.03610033026893e-05
3067;3.5710813181583683e-05
3068;0.002629747282064881
3069;5.070975582195969e-05
3070;0.00048090337345345287
3071;0.002640008408619938
3072;7.5401930097050835e-06
3073;0.05877812763116428
3074;4.17398642275338e-05
3075;0.017535505838861237
3076;0.005548041655665702
3077;0.001974571826013516
3078;0.6855427971182582
3079;0.12504890922805356
3080;0.005599407211062472
3081;8.463267938838885e-06
3082;0.03139945567713426
3083;3.2131614595678205e-05
3084;1.754585543444825e-05
3085;0.0025386089805589365
3086;7.964199861479279e-05
3087;0.012957938596618283
3088;1.3234313659614368e-05
3089;0.021329939839094522
3090;0.00028038356100089346
3091;0.00258803731136453
3092;0.00033429151497736697
3093;0.24416336660972948
3094;0.02508878709669665
3095;0.02571039473429477
3096;4.889499121935787e-06
3097;8.870380522102248e-05
3098;3.730268057528072e-05
3099;4.5233814174650156e-05
3100;0.0025991680042905096
3101;0.0002845609522244943
3102;1.5403800445040323e-05
3103;0.0028926702159608494
3104;0.0027931164727057413
3105;0.002716589714618617
3106;0.005415513653176347
3107;0.002812657688719216
3108;0.06308934045379627
3109;0.00010584963321341223
3110;0.00618839806727233
3111;0.047653980483015716
3112;0.00016454353270452729
3113;1.0787975332027595e-05
3114;0.002599288893546381
3115;0.0031059915706830405
3116;0.002533959262381583
3117;0.00011153471677454807
3118;0.03536598336455443
3119;0.0010958702966431411
3120;0.0026178181388545156
3121;4.111542981983551e-05
3122;0.005416618678508237
3123;1.1215572716330556e-05
3124;5.77976574214274e-05
3125;0.030256033178508827
3126;0.00022120659341908635
3127;0.00811304282478645
3128;0.0005638954455324856
3129;0.0028184760396023235
3130;1.6501511925896395e-05
3131;0.00510169760659558
3132;0.0007208671956090471
3133;2.6366092855706446e-05
3134;7.28246698682412e-05
3135;4.7538858616187296e-05
3136;2.1307057700033412e-05
3137;0.030371171208852226
3138;4.901072836636604e-05
3139;0.020079720211237398
3140;3.213022975951804e-05
3141;0.0028108316048374737
3142;0.010257017353458674
3143;0.04590609168649902
3144;1.989385861990326e-05
3145;2.6008629134173617e-05
3146;3.9861675190616454e-05
3147;5.2285145108120864e-05
3148;2.7843875139923088e-05
3149;0.017765643984441862
3150;0.00020345426963083103
3151;0.10808261096384618
3152;0.031499865332502326
3153;0.0026468188823200135
3154;0.0021390821212273767
3155;0.00023371746923910806
3156;0.005039615026909297
3157;0.03008984872234767
3158;0.00013687651498294422
3159;0.012758946135983277
3160;1.0002876312357241e-05
3161;0.1590958557278343
3162;1.3777783427707973e-05
3163;4.474918402478785e-05
3164;9.48149959766759e-05
3165;5.030945880881956e-05
3166;0.0075404168924025124
3167;2.8276559137691857e-05
3168;7.912405065614293e-05
3169;6.245053461332873e-06
3170;0.007584462325892136
3171;4.453636901523763e-05
3172;0.00010145089322649564
3173;0.0003299820065371729
3174;5.7739900020822536e-05
3175;0.027637445306516607
3176;0.048059933620520315
3177;0.00010216329121271333
3178;0.031537491605550985
3179;2.7878152396897273e-05
3180;3.0543740747346364e-05
3181;0.00014583798345891547
3182;0.001912404133414393
3183;0.0025961229529885953
3184;5.538959522309255e-05
3185;0.07161353237612018
3186;0.003676377673521587
3187;7.770688451233252e-05
3188;6.823018119240166e-05
3189;0.013350483025862349
3190;0.013829765894183334
3191;0.00017106271219692671
3192;0.005043061892478373
3193;1.299819352148074e-05
3194;0.0025387971382723924
3195;0.02756093200282095
3196;7.08483797343566e-05
3197;0.018174209485109373
3198;0.10303122568201471
3199;0.012624944613938299
3200;1.7395673657282595e-05
3201;0.05030521432815959
3202;0.19250536137085905
3203;0.01259932366019636
3204;1.7578943235380495e-05
3205;2.070652669169124e-05
3206;0.000220505681394555
3207;5.185298900354007e-05
3208;0.015413159739480679
3209;0.0001282602078378062
3210;0.017522194872681047
3211;0.00016988297288549455
3212;8.783501058553167e-05
3213;0.01759867484908467
3214;0.015137854197252467
3215;0.019534991038900096
3216;7.350231302578298e-05
3217;7.483985505139677e-05
3218;0.0027908643783976983
3219;0.002676648983965202
3220;0.000110896462729
3221;0.008069956467667883
3222;0.0027243532210104063
3223;1.576335078482574e-05
3224;0.010042152342562585
3225;0.005047208482597616
3226;0.020050423116668704
3227;0.08843884522981746
3228;0.007790309153408933
3229;4.518004750838617e-05
3230;7.09530007029277e-05
3231;0.0026978982921066594
3232;0.0350199934767071
3233;0.012524924118036846
3234;0.010025144892320342
3235;0.010625298650118119
3236;0.0027509377795585646
3237;2.01002139715596e-06
3238;2.3405754046787216e-05
3239;0.019181211411701843
3240;0.025046182180956427
3241;0.042648910487151144
3242;0.030776452074890014
3243;1.8637765881168064e-05
3244;3.0517573717965885e-05
3245;0.0001176555859643049
3246;0.00037577113519442234
3247;0.0024347514130787177
3248;8.724617802188015e-05
3249;0.00010918829768661899
3250;0.00014670714124118123
3251;3.810555844991866e-05
3252;1.0591792316117975e-05
3253;0.000482265284093188
3254;8.359507433163633e-06
3255;0.0018321848292732201
3256;0.0003679697709131793
3257;2.661894568019756e-05
3258;0.0002314946945053913
3259;1.0144888999599585e-05
3260;0.032752020241977174
3261;0.012508904530046917
3262;0.006775084011414355
3263;0.002992699464040721
3264;0.04276907946253164
3265;9.419572709797406e-05
3266;0.005360106422750321
3267;0.025130967121448078
3268;0.00281492215618383
3269;0.0028263597263349168
3270;0.0050824767907927245
3271;0.00013210258403633954
3272;0.007789016177978887
3273;2.2484355409200148e-05
3274;0.018513557165696554
3275;0.002536153960146908
3276;5.428051740397262e-05
3277;0.010787400741385816
3278;2.8820902863626956e-05
3279;0.00019590221113218752
3280;0.0001709419924913177
3281;0.012254705917311464
3282;0.0030038732188166018
3283;0.0001447768792152458
3284;0.010341189872069582
3285;4.948188395254623e-05
3286;0.0019242993937547343
3287;1.5465732006678442e-05
3288;0.01621946623525502
3289;0.003518590917260907
3290;0.0006427172944095806
3291;0.00956872447508945
3292;0.00017299926625731789
3293;0.00013835351495952874
3294;4.229641888331936e-06
3295;0.00013744877673606268
3296;0.014192309256157812
3297;0.032922722590498193
3298;0.005159569807546529
3299;0.00010789526528784243
3300;8.931210041354873e-05
3301;0.005420697264598266
3302;0.10264318566976295
3303;1.0694658584286227e-05
3304;5.261562958439047e-05
3305;2.4307852334438274e-05
3306;0.005046087215220732
3307;0.0038635985263374925
3308;0.02505212001492123
3309;5.120669878178967e-05
3310;0.02885094183119855
3311;0.00036842009509114655
3312;0.002564239448897662
3313;0.0002784783412506071
3314;0.045437723174048913
3315;0.005146723262606095
3316;0.0076569587088201555
3317;3.5552019838847234e-05
3318;0.02522690310838447
3319;0.0058696904733370175
3320;0.12961056652550562
3321;0.017533941317822186
3322;0.006295667771601305
3323;0.010011970171021786
3324;0.00254004512618433
3325;0.005146555734127104
3326;0.01820212620596494
3327;0.007524287152022902
3328;3.642523605792534e-05
3329;2.803001611970631e-05
3330;6.690378896286758e-06
3331;5.3659562444893606e-05
3332;0.03761394193425651
3333;2.1053836967512864e-05
3334;0.00023205019505140957
3335;1.1202602282577087e-05
3336;1.0669422993245073e-05
3337;0.0025183203217582417
3338;0.005034447015924298
3339;0.07561464305036922
3340;0.015312316064583277
3341;0.000198014877948593
3342;0.10567649849687537
3343;0.00394217323928537
3344;0.006993282273569056
3345;0.03136092124613485
3346;0.0098145263108917
3347;0.015534016512308414
3348;1.3375077135232744e-05
3349;0.010062417771027114
3350;0.0001883873426774239
3351;5.091125922061914e-05
3352;3.8653096636843294e-05
3353;0.0027949472358732522
3354;0.02510716343833246
3355;6.165827805473693e-05
3356;0.15149766601373624
3357;3.279675799577409e-05
3358;0.00019015601931993782
3359;9.026712504680567e-05
3360;0.005253005863985292
3361;0.00036661484040577917
3362;0.002581452969061882
3363;0.0006310389595757609
3364;0.012517920119603933
3365;0.005183773389320477
3366;1.7204665219927736e-05
3367;2.629547531394127e-05
3368;8.87139968007547e-05
3369;0.024663592297546996
3370;4.804654253514557e-05
3371;5.137141068923738e-05
3372;0.12671134000434317
3373;0.0007812788256338574
3374;3.0950373026355695e-05
3375;4.6838764868844484e-05
3376;0.00025014787138368205
3377;5.939045082412601e-06
3378;0.0031946407768685308
3379;2.0077060053574704e-05
3380;0.0005344541298061016
3381;0.0004943094728693824
3382;4.026821379083459e-05
3383;0.08187666502466334
3384;0.0025754966382136504
3385;4.231964510638379e-05
3386;0.00820629152152679
3387;0.13317955618485203
3388;3.300500254793248e-05
3389;0.002895220377007475
3390;0.0002408092525817796
3391;0.00019057319394250011
3392;0.010816357334887231
3393;0.04424905084714557
3394;0.005054850739241941
3395;0.06556531323553735
3396;0.0031336884590751047
3397;8.301824759558564e-06
3398;0.025135879108802023
3399;0.006381532059732937
3400;4.302686397147455e-05
3401;3.7128980780359835e-05
3402;0.00504895048729649
3403;3.455090399260433e-06
3404;1.4647789413207668e-05
3405;1.3979756853885682e-05
3406;5.2168331157417515e-06
3407;0.025064582920774413
3408;0.00017412463566431895
3409;0.005012027179346759
3410;0.03513571648875988
3411;4.1982317816746836e-05
3412;0.027572219501828307
3413;0.06005522289097298
3414;0.0026700633714924022
3415;0.002713044587984492
3416;1.4042051868256677e-05
3417;0.00010556115667886476
3418;1.3268708377684994e-05
3419;6.741025398504055e-05
3420;0.002527016010487888
3421;0.00253883343218832
3422;4.611260243481752e-05
3423;0.029784008721787696
3424;0.00032922969259156494
3425;0.027548570526705465
3426;0.00028764691486798515
3427;0.01504872838225185
3428;3.459279269992676e-05
3429;7.650302216776606e-06
3430;0.0184142967611164
3431;5.495094900283307e-05
3432;0.00022130189387244576
3433;7.95065001955109e-06
3434;0.03044840892128961
3435;0.01278926397094648
3436;3.1702667584549736e-05
3437;0.005062457200224055
3438;0.005890017368134902
3439;0.00014859158615608
3440;2.031705614974801e-05
3441;0.029137700220463175
3442;0.00013645072393504023
3443;0.010123862729442816
3444;0.00014313426786088763
3445;0.8141831067074775
3446;0.002851366879313886
3447;1.6216217321228872e-05
3448;0.04645683910821842
3449;6.052675283985029e-05
3450;8.2429940454192e-05
3451;0.0028871017596522526
3452;8.599109713201634e-05
3453;0.002811176892649327
3454;0.003245868006982886
3455;0.022623564338856816
3456;0.03050287140629774
3457;3.452983692741154e-05
3458;0.02526902832604
3459;9.268666146424265e-05
3460;1.2986679847766928e-05
3461;4.405928266228738e-05
3462;0.01857245388758779
3463;7.360381583308613e-05
3464;4.690679196647666e-05
3465;0.03078265973912467
3466;0.20398994638929643
3467;6.764551997140345e-05
3468;0.06962182006995302
3469;2.457465229659889e-06
3470;0.02030867728322221
3471;7.265992778720989e-05
3472;0.025115728215357264
3473;0.0017560132741639147
3474;0.08082568119232687
3475;0.12105946501260625
3476;0.010108837974615318
3477;0.008130909850047944
3478;0.0180017338267704
3479;0.01256001533597707
3480;0.0011456218789367273
3481;0.013434926102811068
3482;0.0025040833603674605
3483;5.861785798142302e-05
3484;0.005704876179640117
3485;1.858216104979414e-05
3486;0.0025153305955612167
3487;0.007639815394400021
3488;0.0026589259602099787
3489;0.01260325731086311
3490;0.06958443436297342
3491;0.006244134390769364
3492;5.6206065260398726e-05
3493;0.0001550206228768946
3494;6.772484346446599e-05
3495;0.026647589864279387
3496;4.796931211918154e-05
3497;0.0025501045779771896
3498;1.9572653878099335e-05
3499;7.580847473020107e-06
3500;3.1859060510828596e-06
3501;5.692513435941747e-06
3502;3.514343125081489e-05
3503;0.03091002404948
3504;6.854026849199939e-05
3505;0.00028745659890354775
3506;0.03530943497013312
3507;0.003045284192627014
3508;7.568255862258468e-05
3509;0.0028835477971759765
3510;0.0026037823911126317
3511;0.0030369903139487145
3512;0.00012981309747887285
3513;0.07831398583444277
3514;0.02835032070601395
3515;0.00023483728502213816
3516;0.00015201935537444868
3517;5.866976584330374e-05
3518;5.652355514541312e-05
3519;2.067697601327662e-05
3520;0.002542713377221599
3521;0.00268422030439708
3522;0.010207443713036014
3523;0.00016432251368124034
3524;0.03406011058845414
3525;2.1019490912055964e-05
3526;0.01811246692452894
3527;7.84021679817754e-05
3528;0.00010271949841782581
3529;0.0005436958597447478
3530;0.020318708317130462
3531;0.005430799437540243
3532;5.4378034491947195e-05
3533;7.264091432703789e-06
3534;4.3610819803739004e-05
3535;0.0075328600262358466
3536;0.027829135821141666
3537;0.0002787709651563964
3538;0.012511157345145319
3539;2.0248953146802536e-05
3540;0.0025259333169038454
3541;0.002685164950229803
3542;0.010474426383832464
3543;0.007851446520999446
3544;3.0957785192000755e-05
3545;0.00666964924033594
3546;5.642889099314549e-05
3547;0.0050855953588208455
3548;6.75238734904991e-05
3549;2.224814800429823e-06
3550;0.04527572062061346
3551;0.002594311816861825
3552;2.6573243556462942e-05
3553;0.005190833807936845
3554;6.656721652272538e-05
3555;0.12775820146333525
3556;1.9758938141722597e-05
3557;0.0050148143335347175
3558;0.006236122079515078
3559;0.032660385184355566
3560;9.814757397767326e-06
3561;0.022838878362289854
3562;0.0027196580197300776
3563;0.002611219573701674
3564;9.551568178680233e-05
3565;0.013195718186081645
3566;7.913942142730683e-05
3567;0.050296887890756904
3568;2.429823391560978e-05
3569;4.641014138438563e-06
3570;0.0004991816374576914
3571;0.005229161884652115
3572;0.030236009025677635
3573;0.00839061413592445
3574;5.129884633248422e-05
3575;0.02318907350720911
3576;0.020880498885359804
3577;0.002577211945878069
3578;0.000410073195714288
3579;0.6710944078179728
3580;7.539188667448444e-05
3581;2.1703575017204765e-05
3582;0.09631943048976598
3583;3.0080929428325945e-05
3584;0.0005886746693054649
3585;0.01584707670273218
3586;0.01196223785859068
3587;0.017793000282113756
3588;0.0002201860521006384
3589;0.007955050263431645
3590;0.0025241868121930857
3591;0.025944561091286514
3592;0.005367249388993905
3593;0.007761374178826504
3594;2.1659923967851348e-06
3595;0.00012152948745736456
3596;0.010436856516518971
3597;0.01428538164763103
3598;2.3132000971002912e-05
3599;0.023022037982223898
3600;0.13687923892239864
3601;0.0025467238382696593
3602;0.002582808039717899
3603;0.027786719294906392
3604;0.04448206439033154
3605;0.06311471198397672
3606;0.00274234573792635
3607;0.0027002953451895134
3608;5.134103794375173e-05
3609;0.0005355187291732161
3610;0.01032815395235927
3611;0.07262602846864255
3612;2.3838551273940333e-05
3613;0.0026337092181656033
3614;0.004208032427448782
3615;0.0025327666015953093
3616;1.4025700220124725e-05
3617;7.61933741670757e-05
3618;2.0543943864672055e-05
3619;8.720749720398478e-05
3620;0.18944305518646176
3621;0.00759691221046078
3622;0.006707109447709248
3623;4.9062005444254435e-05
3624;0.0025472395534672813
3625;0.5550691819259134
3626;0.06289397384658893
3627;6.18130937385614e-05
3628;0.0025712552043057604
3629;0.05897503497633855
3630;0.05232586962644892
3631;3.535754839485297e-05
3632;0.0012721890717902122
3633;0.05833663617202434
3634;0.01048032113804431
3635;0.00010453048409129602
3636;0.0025269739052934223
3637;9.983201670917543e-05
3638;0.12758471070432342
3639;8.45505751441189e-05
3640;0.06542011686262077
3641;0.05016353560987573